onset	duration	trial_type	value	sample
14.248	1.0	NonTarget	1	3562
14.46	1.0	NonTarget	1	3615
14.676	1.0	NonTarget	1	3669
14.892	1.0	Target	2	3723
15.112	1.0	NonTarget	1	3778
15.328	1.0	NonTarget	1	3832
15.544	1.0	NonTarget	1	3886
15.76	1.0	NonTarget	1	3940
15.976	1.0	NonTarget	1	3994
16.192	1.0	Target	2	4048
16.408	1.0	NonTarget	1	4102
16.628	1.0	NonTarget	1	4157
16.844	1.0	Target	2	4211
17.06	1.0	NonTarget	1	4265
17.276	1.0	NonTarget	1	4319
17.492	1.0	NonTarget	1	4373
17.708	1.0	NonTarget	1	4427
17.924	1.0	NonTarget	1	4481
18.144	1.0	NonTarget	1	4536
18.36	1.0	NonTarget	1	4590
18.576	1.0	NonTarget	1	4644
18.792	1.0	NonTarget	1	4698
19.008	1.0	Target	2	4752
19.224	1.0	NonTarget	1	4806
19.44	1.0	NonTarget	1	4860
19.66	1.0	NonTarget	1	4915
19.876	1.0	NonTarget	1	4969
20.092	1.0	Target	2	5023
20.308	1.0	NonTarget	1	5077
20.524	1.0	NonTarget	1	5131
20.74	1.0	NonTarget	1	5185
20.96	1.0	NonTarget	1	5240
21.176	1.0	NonTarget	1	5294
21.392	1.0	Target	2	5348
21.608	1.0	NonTarget	1	5402
21.824	1.0	NonTarget	1	5456
22.04	1.0	Target	2	5510
22.256	1.0	NonTarget	1	5564
22.472	1.0	NonTarget	1	5618
22.692	1.0	NonTarget	1	5673
22.908	1.0	NonTarget	1	5727
23.124	1.0	NonTarget	1	5781
23.34	1.0	NonTarget	1	5835
23.556	1.0	Target	2	5889
23.772	1.0	NonTarget	1	5943
23.988	1.0	NonTarget	1	5997
24.208	1.0	NonTarget	1	6052
24.424	1.0	NonTarget	1	6106
24.64	1.0	NonTarget	1	6160
24.856	1.0	NonTarget	1	6214
25.072	1.0	Target	2	6268
25.288	1.0	NonTarget	1	6322
25.508	1.0	NonTarget	1	6377
25.724	1.0	NonTarget	1	6431
25.94	1.0	NonTarget	1	6485
26.156	1.0	NonTarget	1	6539
26.372	1.0	Target	2	6593
26.588	1.0	NonTarget	1	6647
26.804	1.0	NonTarget	1	6701
27.024	1.0	NonTarget	1	6756
33.224	1.0	Target	2	8306
33.436	1.0	NonTarget	1	8359
33.652	1.0	NonTarget	1	8413
33.872	1.0	NonTarget	1	8468
34.088	1.0	NonTarget	1	8522
34.304	1.0	NonTarget	1	8576
34.52	1.0	NonTarget	1	8630
34.736	1.0	Target	2	8684
34.952	1.0	NonTarget	1	8738
35.168	1.0	NonTarget	1	8792
35.384	1.0	NonTarget	1	8846
35.604	1.0	NonTarget	1	8901
35.82	1.0	NonTarget	1	8955
36.036	1.0	Target	2	9009
36.252	1.0	NonTarget	1	9063
36.468	1.0	NonTarget	1	9117
36.684	1.0	NonTarget	1	9171
36.904	1.0	NonTarget	1	9226
37.12	1.0	NonTarget	1	9280
37.336	1.0	Target	2	9334
37.552	1.0	NonTarget	1	9388
37.768	1.0	NonTarget	1	9442
37.984	1.0	NonTarget	1	9496
38.2	1.0	NonTarget	1	9550
38.436	1.0	NonTarget	1	9609
38.652	1.0	Target	2	9663
38.868	1.0	NonTarget	1	9717
39.084	1.0	NonTarget	1	9771
39.3	1.0	NonTarget	1	9825
39.516	1.0	NonTarget	1	9879
39.736	1.0	Target	2	9934
39.952	1.0	NonTarget	1	9988
40.168	1.0	NonTarget	1	10042
40.384	1.0	NonTarget	1	10096
40.6	1.0	NonTarget	1	10150
40.816	1.0	NonTarget	1	10204
41.032	1.0	NonTarget	1	10258
41.268	1.0	NonTarget	1	10317
41.484	1.0	NonTarget	1	10371
41.7	1.0	Target	2	10425
41.916	1.0	NonTarget	1	10479
42.132	1.0	NonTarget	1	10533
42.352	1.0	NonTarget	1	10588
42.568	1.0	NonTarget	1	10642
42.784	1.0	Target	2	10696
43.0	1.0	NonTarget	1	10750
43.216	1.0	NonTarget	1	10804
43.432	1.0	NonTarget	1	10858
43.648	1.0	NonTarget	1	10912
43.864	1.0	NonTarget	1	10966
44.084	1.0	NonTarget	1	11021
44.3	1.0	Target	2	11075
44.516	1.0	NonTarget	1	11129
44.732	1.0	NonTarget	1	11183
44.948	1.0	Target	2	11237
45.164	1.0	NonTarget	1	11291
45.384	1.0	NonTarget	1	11346
45.6	1.0	NonTarget	1	11400
45.816	1.0	NonTarget	1	11454
46.032	1.0	NonTarget	1	11508
60.68	1.0	NonTarget	1	15170
60.908	1.0	NonTarget	1	15227
61.128	1.0	NonTarget	1	15282
61.344	1.0	NonTarget	1	15336
61.56	1.0	Target	2	15390
61.776	1.0	NonTarget	1	15444
61.992	1.0	NonTarget	1	15498
62.208	1.0	NonTarget	1	15552
62.424	1.0	NonTarget	1	15606
62.644	1.0	NonTarget	1	15661
62.86	1.0	NonTarget	1	15715
63.076	1.0	Target	2	15769
63.292	1.0	NonTarget	1	15823
63.508	1.0	NonTarget	1	15877
63.724	1.0	NonTarget	1	15931
63.944	1.0	NonTarget	1	15986
64.156	1.0	NonTarget	1	16039
64.376	1.0	Target	2	16094
64.592	1.0	NonTarget	1	16148
64.808	1.0	NonTarget	1	16202
65.024	1.0	NonTarget	1	16256
65.24	1.0	NonTarget	1	16310
65.46	1.0	NonTarget	1	16365
65.676	1.0	Target	2	16419
65.892	1.0	NonTarget	1	16473
66.108	1.0	NonTarget	1	16527
66.324	1.0	NonTarget	1	16581
66.54	1.0	NonTarget	1	16635
66.756	1.0	Target	2	16689
66.976	1.0	NonTarget	1	16744
67.192	1.0	NonTarget	1	16798
67.408	1.0	Target	2	16852
67.624	1.0	NonTarget	1	16906
67.84	1.0	NonTarget	1	16960
68.056	1.0	NonTarget	1	17014
68.272	1.0	NonTarget	1	17068
68.488	1.0	NonTarget	1	17122
68.708	1.0	NonTarget	1	17177
68.924	1.0	Target	2	17231
69.14	1.0	NonTarget	1	17285
69.356	1.0	NonTarget	1	17339
69.572	1.0	NonTarget	1	17393
69.792	1.0	NonTarget	1	17448
70.004	1.0	NonTarget	1	17501
70.224	1.0	NonTarget	1	17556
70.44	1.0	NonTarget	1	17610
70.656	1.0	NonTarget	1	17664
70.872	1.0	Target	2	17718
71.088	1.0	NonTarget	1	17772
71.304	1.0	NonTarget	1	17826
71.524	1.0	NonTarget	1	17881
71.74	1.0	NonTarget	1	17935
71.956	1.0	NonTarget	1	17989
72.172	1.0	Target	2	18043
72.388	1.0	NonTarget	1	18097
72.604	1.0	NonTarget	1	18151
72.82	1.0	NonTarget	1	18205
73.036	1.0	Target	2	18259
73.256	1.0	NonTarget	1	18314
73.472	1.0	NonTarget	1	18368
79.824	1.0	NonTarget	1	19956
80.036	1.0	NonTarget	1	20009
80.252	1.0	Target	2	20063
80.468	1.0	NonTarget	1	20117
80.684	1.0	NonTarget	1	20171
80.9	1.0	NonTarget	1	20225
81.12	1.0	Target	2	20280
81.336	1.0	NonTarget	1	20334
81.552	1.0	NonTarget	1	20388
81.768	1.0	NonTarget	1	20442
81.984	1.0	NonTarget	1	20496
82.2	1.0	NonTarget	1	20550
82.42	1.0	NonTarget	1	20605
82.636	1.0	NonTarget	1	20659
82.852	1.0	NonTarget	1	20713
83.068	1.0	Target	2	20767
83.284	1.0	NonTarget	1	20821
83.5	1.0	NonTarget	1	20875
83.72	1.0	Target	2	20930
83.936	1.0	NonTarget	1	20984
84.152	1.0	NonTarget	1	21038
84.368	1.0	NonTarget	1	21092
84.584	1.0	NonTarget	1	21146
84.8	1.0	NonTarget	1	21200
85.016	1.0	Target	2	21254
85.232	1.0	NonTarget	1	21308
85.452	1.0	NonTarget	1	21363
85.668	1.0	NonTarget	1	21417
85.884	1.0	NonTarget	1	21471
86.1	1.0	NonTarget	1	21525
86.316	1.0	NonTarget	1	21579
86.532	1.0	NonTarget	1	21633
86.748	1.0	NonTarget	1	21687
86.968	1.0	NonTarget	1	21742
87.184	1.0	Target	2	21796
87.4	1.0	NonTarget	1	21850
87.616	1.0	NonTarget	1	21904
87.832	1.0	NonTarget	1	21958
88.048	1.0	NonTarget	1	22012
88.264	1.0	NonTarget	1	22066
88.484	1.0	Target	2	22121
88.7	1.0	NonTarget	1	22175
88.916	1.0	NonTarget	1	22229
89.132	1.0	NonTarget	1	22283
89.348	1.0	NonTarget	1	22337
89.564	1.0	Target	2	22391
89.784	1.0	NonTarget	1	22446
90.0	1.0	NonTarget	1	22500
90.216	1.0	Target	2	22554
90.432	1.0	NonTarget	1	22608
90.648	1.0	NonTarget	1	22662
90.864	1.0	NonTarget	1	22716
91.08	1.0	NonTarget	1	22770
91.3	1.0	NonTarget	1	22825
91.516	1.0	NonTarget	1	22879
91.732	1.0	Target	2	22933
91.948	1.0	NonTarget	1	22987
92.164	1.0	NonTarget	1	23041
92.38	1.0	NonTarget	1	23095
92.596	1.0	NonTarget	1	23149
106.896	1.0	Target	2	26724
107.108	1.0	NonTarget	1	26777
107.324	1.0	NonTarget	1	26831
107.544	1.0	NonTarget	1	26886
107.76	1.0	NonTarget	1	26940
107.976	1.0	NonTarget	1	26994
108.192	1.0	NonTarget	1	27048
108.408	1.0	Target	2	27102
108.624	1.0	NonTarget	1	27156
108.84	1.0	NonTarget	1	27210
109.06	1.0	NonTarget	1	27265
109.276	1.0	NonTarget	1	27319
109.492	1.0	NonTarget	1	27373
109.708	1.0	Target	2	27427
109.924	1.0	NonTarget	1	27481
110.144	1.0	NonTarget	1	27536
110.36	1.0	NonTarget	1	27590
110.572	1.0	NonTarget	1	27643
110.792	1.0	NonTarget	1	27698
111.008	1.0	Target	2	27752
111.224	1.0	NonTarget	1	27806
111.44	1.0	NonTarget	1	27860
111.672	1.0	NonTarget	1	27918
111.892	1.0	NonTarget	1	27973
112.108	1.0	NonTarget	1	28027
112.324	1.0	Target	2	28081
112.54	1.0	NonTarget	1	28135
112.756	1.0	NonTarget	1	28189
112.972	1.0	NonTarget	1	28243
113.188	1.0	NonTarget	1	28297
113.408	1.0	Target	2	28352
113.624	1.0	NonTarget	1	28406
113.84	1.0	NonTarget	1	28460
114.056	1.0	NonTarget	1	28514
114.272	1.0	NonTarget	1	28568
114.488	1.0	NonTarget	1	28622
114.724	1.0	NonTarget	1	28681
114.94	1.0	NonTarget	1	28735
115.172	1.0	NonTarget	1	28793
115.388	1.0	Target	2	28847
115.608	1.0	NonTarget	1	28902
115.82	1.0	NonTarget	1	28955
116.04	1.0	NonTarget	1	29010
116.256	1.0	NonTarget	1	29064
116.472	1.0	Target	2	29118
116.688	1.0	NonTarget	1	29172
116.92	1.0	NonTarget	1	29230
117.14	1.0	NonTarget	1	29285
117.356	1.0	NonTarget	1	29339
117.572	1.0	NonTarget	1	29393
117.788	1.0	NonTarget	1	29447
118.008	1.0	Target	2	29502
118.22	1.0	NonTarget	1	29555
118.436	1.0	NonTarget	1	29609
118.656	1.0	Target	2	29664
118.872	1.0	NonTarget	1	29718
119.088	1.0	NonTarget	1	29772
119.304	1.0	NonTarget	1	29826
119.52	1.0	NonTarget	1	29880
119.736	1.0	NonTarget	1	29934
126.004	1.0	NonTarget	1	31501
126.22	1.0	NonTarget	1	31555
126.436	1.0	Target	2	31609
126.652	1.0	NonTarget	1	31663
126.868	1.0	NonTarget	1	31717
127.084	1.0	NonTarget	1	31771
127.3	1.0	Target	2	31825
127.516	1.0	NonTarget	1	31879
127.736	1.0	NonTarget	1	31934
127.968	1.0	NonTarget	1	31992
128.184	1.0	NonTarget	1	32046
128.4	1.0	NonTarget	1	32100
128.616	1.0	NonTarget	1	32154
128.832	1.0	NonTarget	1	32208
129.052	1.0	NonTarget	1	32263
129.268	1.0	Target	2	32317
129.484	1.0	NonTarget	1	32371
129.7	1.0	NonTarget	1	32425
129.916	1.0	Target	2	32479
130.132	1.0	NonTarget	1	32533
130.348	1.0	NonTarget	1	32587
130.568	1.0	NonTarget	1	32642
130.784	1.0	NonTarget	1	32696
131.016	1.0	NonTarget	1	32754
131.232	1.0	Target	2	32808
131.448	1.0	NonTarget	1	32862
131.664	1.0	NonTarget	1	32916
131.884	1.0	NonTarget	1	32971
132.1	1.0	NonTarget	1	33025
132.316	1.0	NonTarget	1	33079
132.532	1.0	NonTarget	1	33133
132.748	1.0	NonTarget	1	33187
132.964	1.0	NonTarget	1	33241
133.184	1.0	NonTarget	1	33296
133.4	1.0	Target	2	33350
133.616	1.0	NonTarget	1	33404
133.832	1.0	NonTarget	1	33458
134.048	1.0	NonTarget	1	33512
134.264	1.0	NonTarget	1	33566
134.48	1.0	NonTarget	1	33620
134.7	1.0	Target	2	33675
134.916	1.0	NonTarget	1	33729
135.132	1.0	NonTarget	1	33783
135.348	1.0	NonTarget	1	33837
135.564	1.0	NonTarget	1	33891
135.78	1.0	Target	2	33945
135.996	1.0	NonTarget	1	33999
136.216	1.0	NonTarget	1	34054
136.432	1.0	Target	2	34108
136.648	1.0	NonTarget	1	34162
136.864	1.0	NonTarget	1	34216
137.08	1.0	NonTarget	1	34270
137.296	1.0	NonTarget	1	34324
137.516	1.0	NonTarget	1	34379
137.732	1.0	NonTarget	1	34433
137.948	1.0	Target	2	34487
138.164	1.0	NonTarget	1	34541
138.38	1.0	NonTarget	1	34595
138.596	1.0	NonTarget	1	34649
138.812	1.0	NonTarget	1	34703
153.512	1.0	Target	2	38378
153.724	1.0	NonTarget	1	38431
153.94	1.0	NonTarget	1	38485
154.156	1.0	NonTarget	1	38539
154.376	1.0	NonTarget	1	38594
154.592	1.0	NonTarget	1	38648
154.808	1.0	NonTarget	1	38702
155.024	1.0	Target	2	38756
155.24	1.0	NonTarget	1	38810
155.456	1.0	NonTarget	1	38864
155.672	1.0	NonTarget	1	38918
155.892	1.0	NonTarget	1	38973
156.108	1.0	NonTarget	1	39027
156.324	1.0	Target	2	39081
156.54	1.0	NonTarget	1	39135
156.756	1.0	NonTarget	1	39189
156.972	1.0	NonTarget	1	39243
157.192	1.0	NonTarget	1	39298
157.408	1.0	NonTarget	1	39352
157.624	1.0	Target	2	39406
157.84	1.0	NonTarget	1	39460
158.056	1.0	NonTarget	1	39514
158.272	1.0	NonTarget	1	39568
158.488	1.0	NonTarget	1	39622
158.704	1.0	NonTarget	1	39676
158.924	1.0	Target	2	39731
159.14	1.0	NonTarget	1	39785
159.356	1.0	NonTarget	1	39839
159.572	1.0	NonTarget	1	39893
159.788	1.0	NonTarget	1	39947
160.004	1.0	Target	2	40001
160.224	1.0	NonTarget	1	40056
160.44	1.0	NonTarget	1	40110
160.656	1.0	NonTarget	1	40164
160.872	1.0	NonTarget	1	40218
161.088	1.0	NonTarget	1	40272
161.304	1.0	NonTarget	1	40326
161.52	1.0	NonTarget	1	40380
161.736	1.0	NonTarget	1	40434
161.956	1.0	Target	2	40489
162.172	1.0	NonTarget	1	40543
162.388	1.0	NonTarget	1	40597
162.604	1.0	NonTarget	1	40651
162.82	1.0	NonTarget	1	40705
163.036	1.0	Target	2	40759
163.256	1.0	NonTarget	1	40814
163.472	1.0	NonTarget	1	40868
163.688	1.0	NonTarget	1	40922
163.904	1.0	NonTarget	1	40976
164.12	1.0	NonTarget	1	41030
164.336	1.0	NonTarget	1	41084
164.552	1.0	Target	2	41138
164.772	1.0	NonTarget	1	41193
164.988	1.0	NonTarget	1	41247
165.204	1.0	Target	2	41301
165.42	1.0	NonTarget	1	41355
165.636	1.0	NonTarget	1	41409
165.852	1.0	NonTarget	1	41463
166.068	1.0	NonTarget	1	41517
166.284	1.0	NonTarget	1	41571
172.904	1.0	NonTarget	1	43226
173.136	1.0	Target	2	43284
173.352	1.0	NonTarget	1	43338
173.568	1.0	NonTarget	1	43392
173.784	1.0	NonTarget	1	43446
174.0	1.0	NonTarget	1	43500
174.216	1.0	NonTarget	1	43554
174.432	1.0	NonTarget	1	43608
174.648	1.0	Target	2	43662
174.868	1.0	NonTarget	1	43717
175.084	1.0	NonTarget	1	43771
175.3	1.0	NonTarget	1	43825
175.516	1.0	NonTarget	1	43879
175.732	1.0	NonTarget	1	43933
175.948	1.0	NonTarget	1	43987
176.168	1.0	NonTarget	1	44042
176.384	1.0	Target	2	44096
176.6	1.0	NonTarget	1	44150
176.816	1.0	NonTarget	1	44204
177.032	1.0	NonTarget	1	44258
177.248	1.0	NonTarget	1	44312
177.48	1.0	Target	2	44370
177.7	1.0	NonTarget	1	44425
177.916	1.0	NonTarget	1	44479
178.132	1.0	NonTarget	1	44533
178.348	1.0	NonTarget	1	44587
178.564	1.0	Target	2	44641
178.78	1.0	NonTarget	1	44695
179.0	1.0	NonTarget	1	44750
179.216	1.0	NonTarget	1	44804
179.432	1.0	NonTarget	1	44858
179.648	1.0	NonTarget	1	44912
179.864	1.0	Target	2	44966
180.08	1.0	NonTarget	1	45020
180.296	1.0	NonTarget	1	45074
180.516	1.0	NonTarget	1	45129
180.732	1.0	NonTarget	1	45183
180.948	1.0	Target	2	45237
181.164	1.0	NonTarget	1	45291
181.38	1.0	NonTarget	1	45345
181.596	1.0	NonTarget	1	45399
181.812	1.0	NonTarget	1	45453
182.032	1.0	Target	2	45508
182.248	1.0	NonTarget	1	45562
182.464	1.0	NonTarget	1	45616
182.68	1.0	NonTarget	1	45670
182.896	1.0	NonTarget	1	45724
183.112	1.0	NonTarget	1	45778
183.328	1.0	NonTarget	1	45832
183.548	1.0	Target	2	45887
183.764	1.0	NonTarget	1	45941
183.98	1.0	NonTarget	1	45995
184.196	1.0	NonTarget	1	46049
184.412	1.0	NonTarget	1	46103
184.628	1.0	NonTarget	1	46157
184.844	1.0	NonTarget	1	46211
185.064	1.0	NonTarget	1	46266
185.28	1.0	NonTarget	1	46320
185.496	1.0	Target	2	46374
185.712	1.0	NonTarget	1	46428
200.428	1.0	NonTarget	1	50107
200.64	1.0	NonTarget	1	50160
200.856	1.0	Target	2	50214
201.072	1.0	NonTarget	1	50268
201.288	1.0	NonTarget	1	50322
201.508	1.0	NonTarget	1	50377
201.724	1.0	Target	2	50431
201.94	1.0	NonTarget	1	50485
202.156	1.0	NonTarget	1	50539
202.372	1.0	NonTarget	1	50593
202.588	1.0	NonTarget	1	50647
202.808	1.0	NonTarget	1	50702
203.024	1.0	NonTarget	1	50756
203.24	1.0	NonTarget	1	50810
203.456	1.0	NonTarget	1	50864
203.672	1.0	Target	2	50918
203.888	1.0	NonTarget	1	50972
204.104	1.0	NonTarget	1	51026
204.324	1.0	Target	2	51081
204.54	1.0	NonTarget	1	51135
204.756	1.0	NonTarget	1	51189
204.972	1.0	NonTarget	1	51243
205.188	1.0	NonTarget	1	51297
205.404	1.0	NonTarget	1	51351
205.62	1.0	Target	2	51405
205.84	1.0	NonTarget	1	51460
206.056	1.0	NonTarget	1	51514
206.272	1.0	NonTarget	1	51568
206.488	1.0	NonTarget	1	51622
206.704	1.0	NonTarget	1	51676
206.92	1.0	NonTarget	1	51730
207.136	1.0	NonTarget	1	51784
207.352	1.0	NonTarget	1	51838
207.572	1.0	NonTarget	1	51893
207.788	1.0	Target	2	51947
208.004	1.0	NonTarget	1	52001
208.22	1.0	NonTarget	1	52055
208.436	1.0	NonTarget	1	52109
208.652	1.0	NonTarget	1	52163
208.872	1.0	NonTarget	1	52218
209.088	1.0	Target	2	52272
209.304	1.0	NonTarget	1	52326
209.52	1.0	NonTarget	1	52380
209.736	1.0	NonTarget	1	52434
209.952	1.0	NonTarget	1	52488
210.168	1.0	Target	2	52542
210.388	1.0	NonTarget	1	52597
210.604	1.0	NonTarget	1	52651
210.82	1.0	Target	2	52705
211.036	1.0	NonTarget	1	52759
211.252	1.0	NonTarget	1	52813
211.468	1.0	NonTarget	1	52867
211.684	1.0	NonTarget	1	52921
211.904	1.0	NonTarget	1	52976
212.12	1.0	NonTarget	1	53030
212.336	1.0	Target	2	53084
212.552	1.0	NonTarget	1	53138
212.768	1.0	NonTarget	1	53192
212.984	1.0	NonTarget	1	53246
213.2	1.0	NonTarget	1	53300
219.568	1.0	NonTarget	1	54892
219.784	1.0	NonTarget	1	54946
220.0	1.0	NonTarget	1	55000
220.216	1.0	Target	2	55054
220.432	1.0	NonTarget	1	55108
220.648	1.0	NonTarget	1	55162
220.864	1.0	NonTarget	1	55216
221.1	1.0	NonTarget	1	55275
221.316	1.0	NonTarget	1	55329
221.532	1.0	Target	2	55383
221.748	1.0	NonTarget	1	55437
221.964	1.0	NonTarget	1	55491
222.18	1.0	Target	2	55545
222.4	1.0	NonTarget	1	55600
222.616	1.0	NonTarget	1	55654
222.832	1.0	NonTarget	1	55708
223.048	1.0	NonTarget	1	55762
223.264	1.0	NonTarget	1	55816
223.48	1.0	NonTarget	1	55870
223.696	1.0	NonTarget	1	55924
223.916	1.0	NonTarget	1	55979
224.132	1.0	NonTarget	1	56033
224.348	1.0	Target	2	56087
224.564	1.0	NonTarget	1	56141
224.78	1.0	NonTarget	1	56195
224.996	1.0	NonTarget	1	56249
225.216	1.0	NonTarget	1	56304
225.448	1.0	Target	2	56362
225.664	1.0	NonTarget	1	56416
225.88	1.0	NonTarget	1	56470
226.096	1.0	NonTarget	1	56524
226.312	1.0	NonTarget	1	56578
226.532	1.0	NonTarget	1	56633
226.748	1.0	Target	2	56687
226.964	1.0	NonTarget	1	56741
227.18	1.0	NonTarget	1	56795
227.396	1.0	Target	2	56849
227.612	1.0	NonTarget	1	56903
227.828	1.0	NonTarget	1	56957
228.048	1.0	NonTarget	1	57012
228.264	1.0	NonTarget	1	57066
228.48	1.0	NonTarget	1	57120
228.696	1.0	NonTarget	1	57174
228.912	1.0	Target	2	57228
229.148	1.0	NonTarget	1	57287
229.364	1.0	NonTarget	1	57341
229.58	1.0	NonTarget	1	57395
229.796	1.0	NonTarget	1	57449
230.012	1.0	NonTarget	1	57503
230.228	1.0	NonTarget	1	57557
230.444	1.0	Target	2	57611
230.664	1.0	NonTarget	1	57666
230.88	1.0	NonTarget	1	57720
231.096	1.0	NonTarget	1	57774
231.312	1.0	NonTarget	1	57828
231.544	1.0	NonTarget	1	57886
231.76	1.0	Target	2	57940
231.976	1.0	NonTarget	1	57994
232.196	1.0	NonTarget	1	58049
232.412	1.0	NonTarget	1	58103
247.14	1.0	NonTarget	1	61785
247.356	1.0	NonTarget	1	61839
247.572	1.0	NonTarget	1	61893
247.788	1.0	NonTarget	1	61947
248.004	1.0	NonTarget	1	62001
248.224	1.0	Target	2	62056
248.44	1.0	NonTarget	1	62110
248.656	1.0	NonTarget	1	62164
248.872	1.0	NonTarget	1	62218
249.088	1.0	NonTarget	1	62272
249.304	1.0	Target	2	62326
249.52	1.0	NonTarget	1	62380
249.74	1.0	NonTarget	1	62435
249.956	1.0	NonTarget	1	62489
250.172	1.0	Target	2	62543
250.388	1.0	NonTarget	1	62597
250.604	1.0	NonTarget	1	62651
250.82	1.0	NonTarget	1	62705
251.036	1.0	NonTarget	1	62759
251.256	1.0	NonTarget	1	62814
251.472	1.0	Target	2	62868
251.688	1.0	NonTarget	1	62922
251.904	1.0	NonTarget	1	62976
252.12	1.0	NonTarget	1	63030
252.336	1.0	NonTarget	1	63084
252.552	1.0	NonTarget	1	63138
252.772	1.0	NonTarget	1	63193
252.988	1.0	NonTarget	1	63247
253.204	1.0	NonTarget	1	63301
253.42	1.0	Target	2	63355
253.636	1.0	NonTarget	1	63409
253.852	1.0	NonTarget	1	63463
254.068	1.0	NonTarget	1	63517
254.288	1.0	NonTarget	1	63572
254.504	1.0	NonTarget	1	63626
254.72	1.0	Target	2	63680
254.936	1.0	NonTarget	1	63734
255.152	1.0	NonTarget	1	63788
255.368	1.0	NonTarget	1	63842
255.584	1.0	NonTarget	1	63896
255.804	1.0	NonTarget	1	63951
256.02	1.0	Target	2	64005
256.236	1.0	NonTarget	1	64059
256.452	1.0	NonTarget	1	64113
256.668	1.0	NonTarget	1	64167
256.884	1.0	NonTarget	1	64221
257.104	1.0	Target	2	64276
257.32	1.0	NonTarget	1	64330
257.536	1.0	NonTarget	1	64384
257.752	1.0	NonTarget	1	64438
257.968	1.0	NonTarget	1	64492
258.184	1.0	NonTarget	1	64546
258.4	1.0	Target	2	64600
258.62	1.0	NonTarget	1	64655
258.836	1.0	NonTarget	1	64709
259.068	1.0	NonTarget	1	64767
259.284	1.0	NonTarget	1	64821
259.5	1.0	NonTarget	1	64875
259.716	1.0	NonTarget	1	64929
259.936	1.0	Target	2	64984
265.984	1.0	NonTarget	1	66496
266.2	1.0	NonTarget	1	66550
266.416	1.0	NonTarget	1	66604
266.632	1.0	NonTarget	1	66658
266.848	1.0	Target	2	66712
267.064	1.0	NonTarget	1	66766
267.28	1.0	NonTarget	1	66820
267.5	1.0	NonTarget	1	66875
267.716	1.0	NonTarget	1	66929
267.932	1.0	NonTarget	1	66983
268.148	1.0	NonTarget	1	67037
268.364	1.0	Target	2	67091
268.58	1.0	NonTarget	1	67145
268.796	1.0	NonTarget	1	67199
269.016	1.0	NonTarget	1	67254
269.232	1.0	NonTarget	1	67308
269.448	1.0	NonTarget	1	67362
269.664	1.0	Target	2	67416
269.88	1.0	NonTarget	1	67470
270.1	1.0	NonTarget	1	67525
270.316	1.0	NonTarget	1	67579
270.532	1.0	NonTarget	1	67633
270.748	1.0	NonTarget	1	67687
270.964	1.0	Target	2	67741
271.18	1.0	NonTarget	1	67795
271.396	1.0	NonTarget	1	67849
271.612	1.0	NonTarget	1	67903
271.832	1.0	NonTarget	1	67958
272.048	1.0	Target	2	68012
272.264	1.0	NonTarget	1	68066
272.48	1.0	NonTarget	1	68120
272.696	1.0	Target	2	68174
272.912	1.0	NonTarget	1	68228
273.128	1.0	NonTarget	1	68282
273.344	1.0	NonTarget	1	68336
273.56	1.0	NonTarget	1	68390
273.78	1.0	NonTarget	1	68445
273.996	1.0	NonTarget	1	68499
274.212	1.0	Target	2	68553
274.428	1.0	NonTarget	1	68607
274.644	1.0	NonTarget	1	68661
274.86	1.0	NonTarget	1	68715
275.08	1.0	NonTarget	1	68770
275.296	1.0	NonTarget	1	68824
275.512	1.0	NonTarget	1	68878
275.728	1.0	NonTarget	1	68932
275.944	1.0	NonTarget	1	68986
276.16	1.0	Target	2	69040
276.38	1.0	NonTarget	1	69095
276.596	1.0	NonTarget	1	69149
276.812	1.0	NonTarget	1	69203
277.028	1.0	NonTarget	1	69257
277.244	1.0	NonTarget	1	69311
277.46	1.0	Target	2	69365
277.676	1.0	NonTarget	1	69419
277.896	1.0	NonTarget	1	69474
278.112	1.0	NonTarget	1	69528
278.328	1.0	Target	2	69582
278.544	1.0	NonTarget	1	69636
278.76	1.0	NonTarget	1	69690
293.576	1.0	NonTarget	1	73394
293.788	1.0	NonTarget	1	73447
294.004	1.0	Target	2	73501
294.22	1.0	NonTarget	1	73555
294.436	1.0	NonTarget	1	73609
294.656	1.0	NonTarget	1	73664
294.872	1.0	Target	2	73718
295.088	1.0	NonTarget	1	73772
295.304	1.0	NonTarget	1	73826
295.52	1.0	NonTarget	1	73880
295.736	1.0	NonTarget	1	73934
295.952	1.0	NonTarget	1	73988
296.172	1.0	NonTarget	1	74043
296.388	1.0	NonTarget	1	74097
296.604	1.0	NonTarget	1	74151
296.82	1.0	Target	2	74205
297.036	1.0	NonTarget	1	74259
297.252	1.0	NonTarget	1	74313
297.472	1.0	Target	2	74368
297.688	1.0	NonTarget	1	74422
297.904	1.0	NonTarget	1	74476
298.12	1.0	NonTarget	1	74530
298.336	1.0	NonTarget	1	74584
298.552	1.0	NonTarget	1	74638
298.768	1.0	Target	2	74692
298.988	1.0	NonTarget	1	74747
299.204	1.0	NonTarget	1	74801
299.42	1.0	NonTarget	1	74855
299.636	1.0	NonTarget	1	74909
299.852	1.0	NonTarget	1	74963
300.068	1.0	NonTarget	1	75017
300.284	1.0	NonTarget	1	75071
300.504	1.0	NonTarget	1	75126
300.72	1.0	NonTarget	1	75180
300.936	1.0	Target	2	75234
301.152	1.0	NonTarget	1	75288
301.368	1.0	NonTarget	1	75342
301.584	1.0	NonTarget	1	75396
301.8	1.0	NonTarget	1	75450
302.02	1.0	NonTarget	1	75505
302.236	1.0	Target	2	75559
302.452	1.0	NonTarget	1	75613
302.668	1.0	NonTarget	1	75667
302.884	1.0	NonTarget	1	75721
303.1	1.0	NonTarget	1	75775
303.32	1.0	Target	2	75830
303.536	1.0	NonTarget	1	75884
303.752	1.0	NonTarget	1	75938
303.968	1.0	Target	2	75992
304.184	1.0	NonTarget	1	76046
304.4	1.0	NonTarget	1	76100
304.616	1.0	NonTarget	1	76154
304.832	1.0	NonTarget	1	76208
305.052	1.0	NonTarget	1	76263
305.268	1.0	NonTarget	1	76317
305.484	1.0	Target	2	76371
305.7	1.0	NonTarget	1	76425
305.916	1.0	NonTarget	1	76479
306.132	1.0	NonTarget	1	76533
306.352	1.0	NonTarget	1	76588
312.632	1.0	NonTarget	1	78158
312.848	1.0	NonTarget	1	78212
313.064	1.0	NonTarget	1	78266
313.28	1.0	NonTarget	1	78320
313.496	1.0	Target	2	78374
313.712	1.0	NonTarget	1	78428
313.932	1.0	NonTarget	1	78483
314.148	1.0	NonTarget	1	78537
314.364	1.0	NonTarget	1	78591
314.58	1.0	NonTarget	1	78645
314.796	1.0	NonTarget	1	78699
315.012	1.0	Target	2	78753
315.228	1.0	NonTarget	1	78807
315.448	1.0	NonTarget	1	78862
315.664	1.0	NonTarget	1	78916
315.88	1.0	NonTarget	1	78970
316.096	1.0	NonTarget	1	79024
316.312	1.0	Target	2	79078
316.528	1.0	NonTarget	1	79132
316.748	1.0	NonTarget	1	79187
316.964	1.0	NonTarget	1	79241
317.18	1.0	NonTarget	1	79295
317.396	1.0	NonTarget	1	79349
317.612	1.0	Target	2	79403
317.828	1.0	NonTarget	1	79457
318.044	1.0	NonTarget	1	79511
318.264	1.0	NonTarget	1	79566
318.48	1.0	NonTarget	1	79620
318.696	1.0	Target	2	79674
318.912	1.0	NonTarget	1	79728
319.128	1.0	NonTarget	1	79782
319.344	1.0	Target	2	79836
319.56	1.0	NonTarget	1	79890
319.776	1.0	NonTarget	1	79944
319.996	1.0	NonTarget	1	79999
320.212	1.0	NonTarget	1	80053
320.428	1.0	NonTarget	1	80107
320.644	1.0	NonTarget	1	80161
320.86	1.0	Target	2	80215
321.076	1.0	NonTarget	1	80269
321.296	1.0	NonTarget	1	80324
321.512	1.0	NonTarget	1	80378
321.728	1.0	NonTarget	1	80432
321.944	1.0	NonTarget	1	80486
322.16	1.0	NonTarget	1	80540
322.376	1.0	NonTarget	1	80594
322.592	1.0	NonTarget	1	80648
322.812	1.0	Target	2	80703
323.028	1.0	NonTarget	1	80757
323.244	1.0	NonTarget	1	80811
323.46	1.0	NonTarget	1	80865
323.676	1.0	NonTarget	1	80919
323.892	1.0	NonTarget	1	80973
324.112	1.0	Target	2	81028
324.328	1.0	NonTarget	1	81082
324.544	1.0	NonTarget	1	81136
324.76	1.0	NonTarget	1	81190
324.976	1.0	Target	2	81244
325.192	1.0	NonTarget	1	81298
325.412	1.0	NonTarget	1	81353
340.088	1.0	NonTarget	1	85022
340.304	1.0	NonTarget	1	85076
340.52	1.0	NonTarget	1	85130
340.736	1.0	Target	2	85184
340.968	1.0	NonTarget	1	85242
341.188	1.0	NonTarget	1	85297
341.404	1.0	NonTarget	1	85351
341.62	1.0	NonTarget	1	85405
341.836	1.0	NonTarget	1	85459
342.056	1.0	Target	2	85514
342.272	1.0	NonTarget	1	85568
342.484	1.0	NonTarget	1	85621
342.704	1.0	Target	2	85676
342.92	1.0	NonTarget	1	85730
343.136	1.0	NonTarget	1	85784
343.352	1.0	NonTarget	1	85838
343.568	1.0	NonTarget	1	85892
343.784	1.0	NonTarget	1	85946
344.004	1.0	NonTarget	1	86001
344.22	1.0	NonTarget	1	86055
344.436	1.0	NonTarget	1	86109
344.652	1.0	NonTarget	1	86163
344.868	1.0	Target	2	86217
345.084	1.0	NonTarget	1	86271
345.304	1.0	NonTarget	1	86326
345.52	1.0	NonTarget	1	86380
345.736	1.0	NonTarget	1	86434
345.952	1.0	Target	2	86488
346.168	1.0	NonTarget	1	86542
346.384	1.0	NonTarget	1	86596
346.6	1.0	NonTarget	1	86650
346.816	1.0	NonTarget	1	86704
347.036	1.0	NonTarget	1	86759
347.252	1.0	Target	2	86813
347.468	1.0	NonTarget	1	86867
347.684	1.0	NonTarget	1	86921
347.9	1.0	Target	2	86975
348.116	1.0	NonTarget	1	87029
348.336	1.0	NonTarget	1	87084
348.552	1.0	NonTarget	1	87138
348.768	1.0	NonTarget	1	87192
348.984	1.0	NonTarget	1	87246
349.2	1.0	NonTarget	1	87300
349.416	1.0	Target	2	87354
349.632	1.0	NonTarget	1	87408
349.852	1.0	NonTarget	1	87463
350.068	1.0	NonTarget	1	87517
350.284	1.0	NonTarget	1	87571
350.5	1.0	NonTarget	1	87625
350.716	1.0	NonTarget	1	87679
350.932	1.0	Target	2	87733
351.148	1.0	NonTarget	1	87787
351.368	1.0	NonTarget	1	87842
351.584	1.0	NonTarget	1	87896
351.8	1.0	NonTarget	1	87950
352.016	1.0	NonTarget	1	88004
352.232	1.0	Target	2	88058
352.448	1.0	NonTarget	1	88112
352.664	1.0	NonTarget	1	88166
352.884	1.0	NonTarget	1	88221
359.268	1.0	NonTarget	1	89817
359.48	1.0	Target	2	89870
359.696	1.0	NonTarget	1	89924
359.912	1.0	NonTarget	1	89978
360.128	1.0	NonTarget	1	90032
360.348	1.0	NonTarget	1	90087
360.564	1.0	NonTarget	1	90141
360.78	1.0	NonTarget	1	90195
360.996	1.0	Target	2	90249
361.212	1.0	NonTarget	1	90303
361.428	1.0	NonTarget	1	90357
361.644	1.0	NonTarget	1	90411
361.864	1.0	NonTarget	1	90466
362.08	1.0	NonTarget	1	90520
362.296	1.0	NonTarget	1	90574
362.512	1.0	NonTarget	1	90628
362.728	1.0	Target	2	90682
362.944	1.0	NonTarget	1	90736
363.16	1.0	NonTarget	1	90790
363.38	1.0	NonTarget	1	90845
363.596	1.0	NonTarget	1	90899
363.812	1.0	Target	2	90953
364.028	1.0	NonTarget	1	91007
364.244	1.0	NonTarget	1	91061
364.46	1.0	NonTarget	1	91115
364.696	1.0	NonTarget	1	91174
364.912	1.0	Target	2	91228
365.128	1.0	NonTarget	1	91282
365.344	1.0	NonTarget	1	91336
365.56	1.0	NonTarget	1	91390
365.776	1.0	NonTarget	1	91444
365.992	1.0	NonTarget	1	91498
366.212	1.0	Target	2	91553
366.428	1.0	NonTarget	1	91607
366.644	1.0	NonTarget	1	91661
366.86	1.0	NonTarget	1	91715
367.076	1.0	NonTarget	1	91769
367.296	1.0	Target	2	91824
367.508	1.0	NonTarget	1	91877
367.728	1.0	NonTarget	1	91932
367.944	1.0	NonTarget	1	91986
368.16	1.0	NonTarget	1	92040
368.376	1.0	Target	2	92094
368.592	1.0	NonTarget	1	92148
368.808	1.0	NonTarget	1	92202
369.028	1.0	NonTarget	1	92257
369.244	1.0	NonTarget	1	92311
369.46	1.0	NonTarget	1	92365
369.676	1.0	NonTarget	1	92419
369.892	1.0	Target	2	92473
370.108	1.0	NonTarget	1	92527
370.324	1.0	NonTarget	1	92581
370.544	1.0	NonTarget	1	92636
370.76	1.0	NonTarget	1	92690
370.976	1.0	NonTarget	1	92744
371.192	1.0	NonTarget	1	92798
371.408	1.0	NonTarget	1	92852
371.624	1.0	NonTarget	1	92906
371.84	1.0	Target	2	92960
372.06	1.0	NonTarget	1	93015
386.52	1.0	NonTarget	1	96630
386.736	1.0	Target	2	96684
386.952	1.0	NonTarget	1	96738
387.184	1.0	NonTarget	1	96796
387.404	1.0	NonTarget	1	96851
387.62	1.0	NonTarget	1	96905
387.836	1.0	NonTarget	1	96959
388.052	1.0	NonTarget	1	97013
388.268	1.0	Target	2	97067
388.484	1.0	NonTarget	1	97121
388.704	1.0	NonTarget	1	97176
388.92	1.0	NonTarget	1	97230
389.136	1.0	NonTarget	1	97284
389.352	1.0	NonTarget	1	97338
389.584	1.0	NonTarget	1	97396
389.8	1.0	NonTarget	1	97450
390.02	1.0	Target	2	97505
390.236	1.0	NonTarget	1	97559
390.452	1.0	NonTarget	1	97613
390.668	1.0	NonTarget	1	97667
390.884	1.0	NonTarget	1	97721
391.1	1.0	Target	2	97775
391.316	1.0	NonTarget	1	97829
391.536	1.0	NonTarget	1	97884
391.752	1.0	NonTarget	1	97938
391.968	1.0	NonTarget	1	97992
392.184	1.0	Target	2	98046
392.4	1.0	NonTarget	1	98100
392.616	1.0	NonTarget	1	98154
392.832	1.0	NonTarget	1	98208
393.052	1.0	NonTarget	1	98263
393.268	1.0	NonTarget	1	98317
393.484	1.0	Target	2	98371
393.7	1.0	NonTarget	1	98425
393.932	1.0	NonTarget	1	98483
394.152	1.0	NonTarget	1	98538
394.368	1.0	NonTarget	1	98592
394.584	1.0	Target	2	98646
394.8	1.0	NonTarget	1	98700
395.016	1.0	NonTarget	1	98754
395.232	1.0	NonTarget	1	98808
395.452	1.0	NonTarget	1	98863
395.664	1.0	Target	2	98916
395.884	1.0	NonTarget	1	98971
396.1	1.0	NonTarget	1	99025
396.316	1.0	NonTarget	1	99079
396.532	1.0	NonTarget	1	99133
396.748	1.0	NonTarget	1	99187
396.964	1.0	NonTarget	1	99241
397.184	1.0	Target	2	99296
397.4	1.0	NonTarget	1	99350
397.616	1.0	NonTarget	1	99404
397.832	1.0	NonTarget	1	99458
398.048	1.0	NonTarget	1	99512
398.264	1.0	NonTarget	1	99566
398.48	1.0	NonTarget	1	99620
398.7	1.0	NonTarget	1	99675
398.916	1.0	NonTarget	1	99729
399.132	1.0	Target	2	99783
399.348	1.0	NonTarget	1	99837
405.848	1.0	NonTarget	1	101462
406.06	1.0	Target	2	101515
406.28	1.0	NonTarget	1	101570
406.496	1.0	NonTarget	1	101624
406.712	1.0	NonTarget	1	101678
406.928	1.0	NonTarget	1	101732
407.144	1.0	NonTarget	1	101786
407.36	1.0	NonTarget	1	101840
407.58	1.0	Target	2	101895
407.796	1.0	NonTarget	1	101949
408.012	1.0	NonTarget	1	102003
408.228	1.0	NonTarget	1	102057
408.444	1.0	NonTarget	1	102111
408.66	1.0	NonTarget	1	102165
408.876	1.0	NonTarget	1	102219
409.096	1.0	NonTarget	1	102274
409.312	1.0	Target	2	102328
409.528	1.0	NonTarget	1	102382
409.744	1.0	NonTarget	1	102436
409.96	1.0	NonTarget	1	102490
410.176	1.0	NonTarget	1	102544
410.392	1.0	Target	2	102598
410.612	1.0	NonTarget	1	102653
410.828	1.0	NonTarget	1	102707
411.044	1.0	NonTarget	1	102761
411.26	1.0	NonTarget	1	102815
411.476	1.0	Target	2	102869
411.692	1.0	NonTarget	1	102923
411.908	1.0	NonTarget	1	102977
412.128	1.0	NonTarget	1	103032
412.344	1.0	NonTarget	1	103086
412.56	1.0	NonTarget	1	103140
412.776	1.0	Target	2	103194
412.992	1.0	NonTarget	1	103248
413.208	1.0	NonTarget	1	103302
413.428	1.0	NonTarget	1	103357
413.644	1.0	NonTarget	1	103411
413.86	1.0	Target	2	103465
414.076	1.0	NonTarget	1	103519
414.292	1.0	NonTarget	1	103573
414.508	1.0	NonTarget	1	103627
414.724	1.0	NonTarget	1	103681
414.944	1.0	Target	2	103736
415.16	1.0	NonTarget	1	103790
415.376	1.0	NonTarget	1	103844
415.592	1.0	NonTarget	1	103898
415.808	1.0	NonTarget	1	103952
416.024	1.0	NonTarget	1	104006
416.24	1.0	NonTarget	1	104060
416.46	1.0	Target	2	104115
416.676	1.0	NonTarget	1	104169
416.892	1.0	NonTarget	1	104223
417.108	1.0	NonTarget	1	104277
417.324	1.0	NonTarget	1	104331
417.54	1.0	NonTarget	1	104385
417.756	1.0	NonTarget	1	104439
417.976	1.0	NonTarget	1	104494
418.192	1.0	NonTarget	1	104548
418.408	1.0	Target	2	104602
418.624	1.0	NonTarget	1	104656
433.104	1.0	NonTarget	1	108276
433.32	1.0	NonTarget	1	108330
433.536	1.0	Target	2	108384
433.752	1.0	NonTarget	1	108438
433.968	1.0	NonTarget	1	108492
434.184	1.0	NonTarget	1	108546
434.404	1.0	Target	2	108601
434.62	1.0	NonTarget	1	108655
434.836	1.0	NonTarget	1	108709
435.052	1.0	NonTarget	1	108763
435.268	1.0	NonTarget	1	108817
435.484	1.0	NonTarget	1	108871
435.7	1.0	NonTarget	1	108925
435.916	1.0	NonTarget	1	108979
436.136	1.0	NonTarget	1	109034
436.352	1.0	Target	2	109088
436.568	1.0	NonTarget	1	109142
436.784	1.0	NonTarget	1	109196
437.0	1.0	Target	2	109250
437.216	1.0	NonTarget	1	109304
437.432	1.0	NonTarget	1	109358
437.648	1.0	NonTarget	1	109412
437.868	1.0	NonTarget	1	109467
438.084	1.0	NonTarget	1	109521
438.3	1.0	Target	2	109575
438.516	1.0	NonTarget	1	109629
438.732	1.0	NonTarget	1	109683
438.948	1.0	NonTarget	1	109737
439.168	1.0	NonTarget	1	109792
439.384	1.0	NonTarget	1	109846
439.6	1.0	NonTarget	1	109900
439.816	1.0	NonTarget	1	109954
440.032	1.0	NonTarget	1	110008
440.248	1.0	NonTarget	1	110062
440.468	1.0	Target	2	110117
440.684	1.0	NonTarget	1	110171
440.9	1.0	NonTarget	1	110225
441.116	1.0	NonTarget	1	110279
441.332	1.0	NonTarget	1	110333
441.548	1.0	NonTarget	1	110387
441.764	1.0	Target	2	110441
442.0	1.0	NonTarget	1	110500
442.216	1.0	NonTarget	1	110554
442.432	1.0	NonTarget	1	110608
442.648	1.0	NonTarget	1	110662
442.884	1.0	Target	2	110721
443.1	1.0	NonTarget	1	110775
443.316	1.0	NonTarget	1	110829
443.548	1.0	Target	2	110887
443.764	1.0	NonTarget	1	110941
443.984	1.0	NonTarget	1	110996
444.196	1.0	NonTarget	1	111049
444.416	1.0	NonTarget	1	111104
444.632	1.0	NonTarget	1	111158
444.848	1.0	NonTarget	1	111212
445.064	1.0	Target	2	111266
445.284	1.0	NonTarget	1	111321
445.496	1.0	NonTarget	1	111374
445.716	1.0	NonTarget	1	111429
445.932	1.0	NonTarget	1	111483
452.348	1.0	Target	2	113087
452.56	1.0	NonTarget	1	113140
452.776	1.0	NonTarget	1	113194
452.996	1.0	NonTarget	1	113249
453.212	1.0	NonTarget	1	113303
453.428	1.0	NonTarget	1	113357
453.644	1.0	NonTarget	1	113411
453.86	1.0	Target	2	113465
454.076	1.0	NonTarget	1	113519
454.296	1.0	NonTarget	1	113574
454.512	1.0	NonTarget	1	113628
454.728	1.0	NonTarget	1	113682
454.944	1.0	NonTarget	1	113736
455.16	1.0	Target	2	113790
455.376	1.0	NonTarget	1	113844
455.592	1.0	NonTarget	1	113898
455.812	1.0	NonTarget	1	113953
456.028	1.0	NonTarget	1	114007
456.244	1.0	NonTarget	1	114061
456.46	1.0	Target	2	114115
456.676	1.0	NonTarget	1	114169
456.892	1.0	NonTarget	1	114223
457.108	1.0	NonTarget	1	114277
457.344	1.0	NonTarget	1	114336
457.56	1.0	NonTarget	1	114390
457.776	1.0	Target	2	114444
457.992	1.0	NonTarget	1	114498
458.208	1.0	NonTarget	1	114552
458.428	1.0	NonTarget	1	114607
458.644	1.0	NonTarget	1	114661
458.86	1.0	Target	2	114715
459.076	1.0	NonTarget	1	114769
459.292	1.0	NonTarget	1	114823
459.508	1.0	NonTarget	1	114877
459.724	1.0	NonTarget	1	114931
459.94	1.0	NonTarget	1	114985
460.16	1.0	NonTarget	1	115040
460.376	1.0	NonTarget	1	115094
460.592	1.0	NonTarget	1	115148
460.808	1.0	Target	2	115202
461.024	1.0	NonTarget	1	115256
461.24	1.0	NonTarget	1	115310
461.46	1.0	NonTarget	1	115365
461.692	1.0	NonTarget	1	115423
461.908	1.0	Target	2	115477
462.124	1.0	NonTarget	1	115531
462.34	1.0	NonTarget	1	115585
462.556	1.0	NonTarget	1	115639
462.772	1.0	NonTarget	1	115693
462.992	1.0	NonTarget	1	115748
463.208	1.0	NonTarget	1	115802
463.424	1.0	Target	2	115856
463.64	1.0	NonTarget	1	115910
463.856	1.0	NonTarget	1	115964
464.072	1.0	Target	2	116018
464.292	1.0	NonTarget	1	116073
464.508	1.0	NonTarget	1	116127
464.724	1.0	NonTarget	1	116181
464.94	1.0	NonTarget	1	116235
465.172	1.0	NonTarget	1	116293
479.736	1.0	NonTarget	1	119934
479.952	1.0	NonTarget	1	119988
480.168	1.0	NonTarget	1	120042
480.384	1.0	NonTarget	1	120096
480.6	1.0	NonTarget	1	120150
480.816	1.0	Target	2	120204
481.036	1.0	NonTarget	1	120259
481.252	1.0	NonTarget	1	120313
481.468	1.0	NonTarget	1	120367
481.684	1.0	NonTarget	1	120421
481.9	1.0	Target	2	120475
482.116	1.0	NonTarget	1	120529
482.332	1.0	NonTarget	1	120583
482.548	1.0	NonTarget	1	120637
482.768	1.0	Target	2	120692
482.984	1.0	NonTarget	1	120746
483.2	1.0	NonTarget	1	120800
483.416	1.0	NonTarget	1	120854
483.632	1.0	NonTarget	1	120908
483.848	1.0	NonTarget	1	120962
484.064	1.0	Target	2	121016
484.284	1.0	NonTarget	1	121071
484.5	1.0	NonTarget	1	121125
484.716	1.0	NonTarget	1	121179
484.932	1.0	NonTarget	1	121233
485.148	1.0	NonTarget	1	121287
485.364	1.0	NonTarget	1	121341
485.584	1.0	NonTarget	1	121396
485.8	1.0	NonTarget	1	121450
486.016	1.0	Target	2	121504
486.232	1.0	NonTarget	1	121558
486.448	1.0	NonTarget	1	121612
486.664	1.0	NonTarget	1	121666
486.88	1.0	NonTarget	1	121720
487.1	1.0	NonTarget	1	121775
487.316	1.0	Target	2	121829
487.532	1.0	NonTarget	1	121883
487.748	1.0	NonTarget	1	121937
487.964	1.0	NonTarget	1	121991
488.18	1.0	NonTarget	1	122045
488.396	1.0	NonTarget	1	122099
488.616	1.0	Target	2	122154
488.832	1.0	NonTarget	1	122208
489.048	1.0	NonTarget	1	122262
489.264	1.0	NonTarget	1	122316
489.48	1.0	NonTarget	1	122370
489.696	1.0	Target	2	122424
489.912	1.0	NonTarget	1	122478
490.132	1.0	NonTarget	1	122533
490.348	1.0	NonTarget	1	122587
490.564	1.0	NonTarget	1	122641
490.78	1.0	NonTarget	1	122695
490.996	1.0	Target	2	122749
491.212	1.0	NonTarget	1	122803
491.432	1.0	NonTarget	1	122858
491.648	1.0	NonTarget	1	122912
491.864	1.0	NonTarget	1	122966
492.08	1.0	NonTarget	1	123020
492.296	1.0	NonTarget	1	123074
492.512	1.0	Target	2	123128
499.064	1.0	NonTarget	1	124766
499.276	1.0	Target	2	124819
499.492	1.0	NonTarget	1	124873
499.708	1.0	NonTarget	1	124927
499.928	1.0	NonTarget	1	124982
500.144	1.0	NonTarget	1	125036
500.36	1.0	NonTarget	1	125090
500.576	1.0	NonTarget	1	125144
500.792	1.0	Target	2	125198
501.008	1.0	NonTarget	1	125252
501.228	1.0	NonTarget	1	125307
501.46	1.0	NonTarget	1	125365
501.676	1.0	NonTarget	1	125419
501.892	1.0	NonTarget	1	125473
502.108	1.0	NonTarget	1	125527
502.324	1.0	NonTarget	1	125581
502.544	1.0	Target	2	125636
502.76	1.0	NonTarget	1	125690
502.976	1.0	NonTarget	1	125744
503.208	1.0	NonTarget	1	125802
503.424	1.0	NonTarget	1	125856
503.64	1.0	Target	2	125910
503.86	1.0	NonTarget	1	125965
504.076	1.0	NonTarget	1	126019
504.292	1.0	NonTarget	1	126073
504.508	1.0	NonTarget	1	126127
504.724	1.0	Target	2	126181
504.94	1.0	NonTarget	1	126235
505.156	1.0	NonTarget	1	126289
505.376	1.0	NonTarget	1	126344
505.592	1.0	NonTarget	1	126398
505.808	1.0	NonTarget	1	126452
506.024	1.0	Target	2	126506
506.24	1.0	NonTarget	1	126560
506.456	1.0	NonTarget	1	126614
506.676	1.0	NonTarget	1	126669
506.892	1.0	NonTarget	1	126723
507.108	1.0	Target	2	126777
507.324	1.0	NonTarget	1	126831
507.54	1.0	NonTarget	1	126885
507.756	1.0	NonTarget	1	126939
507.972	1.0	NonTarget	1	126993
508.188	1.0	Target	2	127047
508.408	1.0	NonTarget	1	127102
508.624	1.0	NonTarget	1	127156
508.84	1.0	NonTarget	1	127210
509.056	1.0	NonTarget	1	127264
509.272	1.0	NonTarget	1	127318
509.488	1.0	NonTarget	1	127372
509.708	1.0	Target	2	127427
509.924	1.0	NonTarget	1	127481
510.14	1.0	NonTarget	1	127535
510.356	1.0	NonTarget	1	127589
510.572	1.0	NonTarget	1	127643
510.788	1.0	NonTarget	1	127697
511.004	1.0	NonTarget	1	127751
511.224	1.0	NonTarget	1	127806
511.44	1.0	NonTarget	1	127860
511.656	1.0	Target	2	127914
511.872	1.0	NonTarget	1	127968
526.536	1.0	NonTarget	1	131634
526.768	1.0	NonTarget	1	131692
526.984	1.0	NonTarget	1	131746
527.2	1.0	NonTarget	1	131800
527.416	1.0	NonTarget	1	131854
527.632	1.0	Target	2	131908
527.848	1.0	NonTarget	1	131962
528.068	1.0	NonTarget	1	132017
528.284	1.0	NonTarget	1	132071
528.5	1.0	NonTarget	1	132125
528.716	1.0	Target	2	132179
528.932	1.0	NonTarget	1	132233
529.148	1.0	NonTarget	1	132287
529.364	1.0	NonTarget	1	132341
529.584	1.0	Target	2	132396
529.8	1.0	NonTarget	1	132450
530.016	1.0	NonTarget	1	132504
530.232	1.0	NonTarget	1	132558
530.448	1.0	NonTarget	1	132612
530.664	1.0	NonTarget	1	132666
530.88	1.0	Target	2	132720
531.1	1.0	NonTarget	1	132775
531.316	1.0	NonTarget	1	132829
531.532	1.0	NonTarget	1	132883
531.748	1.0	NonTarget	1	132937
531.964	1.0	NonTarget	1	132991
532.18	1.0	NonTarget	1	133045
532.396	1.0	NonTarget	1	133099
532.616	1.0	NonTarget	1	133154
532.832	1.0	Target	2	133208
533.048	1.0	NonTarget	1	133262
533.264	1.0	NonTarget	1	133316
533.48	1.0	NonTarget	1	133370
533.696	1.0	NonTarget	1	133424
533.912	1.0	NonTarget	1	133478
534.132	1.0	Target	2	133533
534.348	1.0	NonTarget	1	133587
534.564	1.0	NonTarget	1	133641
534.78	1.0	NonTarget	1	133695
534.996	1.0	NonTarget	1	133749
535.212	1.0	NonTarget	1	133803
535.428	1.0	Target	2	133857
535.648	1.0	NonTarget	1	133912
535.864	1.0	NonTarget	1	133966
536.08	1.0	NonTarget	1	134020
536.296	1.0	NonTarget	1	134074
536.512	1.0	Target	2	134128
536.728	1.0	NonTarget	1	134182
536.948	1.0	NonTarget	1	134237
537.164	1.0	NonTarget	1	134291
537.38	1.0	NonTarget	1	134345
537.596	1.0	NonTarget	1	134399
537.812	1.0	Target	2	134453
538.028	1.0	NonTarget	1	134507
538.244	1.0	NonTarget	1	134561
538.464	1.0	NonTarget	1	134616
538.68	1.0	NonTarget	1	134670
538.896	1.0	NonTarget	1	134724
539.112	1.0	NonTarget	1	134778
539.328	1.0	Target	2	134832
545.58	1.0	NonTarget	1	136395
545.792	1.0	NonTarget	1	136448
546.008	1.0	NonTarget	1	136502
546.224	1.0	NonTarget	1	136556
546.444	1.0	Target	2	136611
546.66	1.0	NonTarget	1	136665
546.876	1.0	NonTarget	1	136719
547.092	1.0	NonTarget	1	136773
547.308	1.0	NonTarget	1	136827
547.524	1.0	NonTarget	1	136881
547.744	1.0	NonTarget	1	136936
547.96	1.0	Target	2	136990
548.176	1.0	NonTarget	1	137044
548.392	1.0	NonTarget	1	137098
548.608	1.0	NonTarget	1	137152
548.824	1.0	NonTarget	1	137206
549.04	1.0	NonTarget	1	137260
549.26	1.0	Target	2	137315
549.476	1.0	NonTarget	1	137369
549.692	1.0	NonTarget	1	137423
549.908	1.0	NonTarget	1	137477
550.124	1.0	NonTarget	1	137531
550.34	1.0	NonTarget	1	137585
550.556	1.0	Target	2	137639
550.776	1.0	NonTarget	1	137694
550.992	1.0	NonTarget	1	137748
551.208	1.0	NonTarget	1	137802
551.424	1.0	NonTarget	1	137856
551.64	1.0	Target	2	137910
551.856	1.0	NonTarget	1	137964
552.072	1.0	NonTarget	1	138018
552.292	1.0	Target	2	138073
552.508	1.0	NonTarget	1	138127
552.724	1.0	NonTarget	1	138181
552.94	1.0	NonTarget	1	138235
553.156	1.0	NonTarget	1	138289
553.372	1.0	NonTarget	1	138343
553.592	1.0	NonTarget	1	138398
553.808	1.0	Target	2	138452
554.024	1.0	NonTarget	1	138506
554.24	1.0	NonTarget	1	138560
554.456	1.0	NonTarget	1	138614
554.672	1.0	NonTarget	1	138668
554.888	1.0	NonTarget	1	138722
555.12	1.0	NonTarget	1	138780
555.34	1.0	NonTarget	1	138835
555.556	1.0	NonTarget	1	138889
555.772	1.0	Target	2	138943
555.988	1.0	NonTarget	1	138997
556.204	1.0	NonTarget	1	139051
556.424	1.0	NonTarget	1	139106
556.64	1.0	NonTarget	1	139160
556.856	1.0	NonTarget	1	139214
557.072	1.0	Target	2	139268
557.288	1.0	NonTarget	1	139322
557.508	1.0	NonTarget	1	139377
557.72	1.0	NonTarget	1	139430
557.94	1.0	Target	2	139485
558.172	1.0	NonTarget	1	139543
558.388	1.0	NonTarget	1	139597
572.82	1.0	NonTarget	1	143205
573.032	1.0	NonTarget	1	143258
573.248	1.0	NonTarget	1	143312
573.464	1.0	NonTarget	1	143366
573.684	1.0	Target	2	143421
573.9	1.0	NonTarget	1	143475
574.116	1.0	NonTarget	1	143529
574.332	1.0	NonTarget	1	143583
574.548	1.0	NonTarget	1	143637
574.764	1.0	NonTarget	1	143691
574.98	1.0	NonTarget	1	143745
575.196	1.0	Target	2	143799
575.416	1.0	NonTarget	1	143854
575.632	1.0	NonTarget	1	143908
575.848	1.0	NonTarget	1	143962
576.064	1.0	NonTarget	1	144016
576.28	1.0	NonTarget	1	144070
576.496	1.0	Target	2	144124
576.716	1.0	NonTarget	1	144179
576.932	1.0	NonTarget	1	144233
577.148	1.0	NonTarget	1	144287
577.364	1.0	NonTarget	1	144341
577.58	1.0	NonTarget	1	144395
577.796	1.0	Target	2	144449
578.012	1.0	NonTarget	1	144503
578.232	1.0	NonTarget	1	144558
578.448	1.0	NonTarget	1	144612
578.664	1.0	NonTarget	1	144666
578.88	1.0	Target	2	144720
579.096	1.0	NonTarget	1	144774
579.316	1.0	NonTarget	1	144829
579.528	1.0	Target	2	144882
579.748	1.0	NonTarget	1	144937
579.964	1.0	NonTarget	1	144991
580.18	1.0	NonTarget	1	145045
580.396	1.0	NonTarget	1	145099
580.612	1.0	NonTarget	1	145153
580.828	1.0	NonTarget	1	145207
581.044	1.0	Target	2	145261
581.28	1.0	NonTarget	1	145320
581.496	1.0	NonTarget	1	145374
581.712	1.0	NonTarget	1	145428
581.928	1.0	NonTarget	1	145482
582.144	1.0	NonTarget	1	145536
582.364	1.0	NonTarget	1	145591
582.58	1.0	NonTarget	1	145645
582.812	1.0	NonTarget	1	145703
583.028	1.0	Target	2	145757
583.244	1.0	NonTarget	1	145811
583.464	1.0	NonTarget	1	145866
583.68	1.0	NonTarget	1	145920
583.896	1.0	NonTarget	1	145974
584.112	1.0	NonTarget	1	146028
584.328	1.0	Target	2	146082
584.544	1.0	NonTarget	1	146136
584.76	1.0	NonTarget	1	146190
584.976	1.0	NonTarget	1	146244
585.196	1.0	Target	2	146299
585.412	1.0	NonTarget	1	146353
585.628	1.0	NonTarget	1	146407
612.652	1.0	NonTarget	1	153163
612.868	1.0	Target	2	153217
613.084	1.0	NonTarget	1	153271
613.3	1.0	NonTarget	1	153325
613.516	1.0	NonTarget	1	153379
613.732	1.0	NonTarget	1	153433
613.952	1.0	NonTarget	1	153488
614.168	1.0	NonTarget	1	153542
614.384	1.0	Target	2	153596
614.6	1.0	NonTarget	1	153650
614.816	1.0	NonTarget	1	153704
615.032	1.0	NonTarget	1	153758
615.248	1.0	NonTarget	1	153812
615.468	1.0	NonTarget	1	153867
615.684	1.0	NonTarget	1	153921
615.9	1.0	NonTarget	1	153975
616.116	1.0	Target	2	154029
616.332	1.0	NonTarget	1	154083
616.548	1.0	NonTarget	1	154137
616.764	1.0	NonTarget	1	154191
616.984	1.0	NonTarget	1	154246
617.2	1.0	Target	2	154300
617.416	1.0	NonTarget	1	154354
617.632	1.0	NonTarget	1	154408
617.848	1.0	NonTarget	1	154462
618.064	1.0	NonTarget	1	154516
618.28	1.0	Target	2	154570
618.5	1.0	NonTarget	1	154625
618.716	1.0	NonTarget	1	154679
618.932	1.0	NonTarget	1	154733
619.148	1.0	NonTarget	1	154787
619.364	1.0	NonTarget	1	154841
619.58	1.0	Target	2	154895
619.8	1.0	NonTarget	1	154950
620.016	1.0	NonTarget	1	155004
620.232	1.0	NonTarget	1	155058
620.448	1.0	NonTarget	1	155112
620.664	1.0	Target	2	155166
620.88	1.0	NonTarget	1	155220
621.096	1.0	NonTarget	1	155274
621.312	1.0	NonTarget	1	155328
621.532	1.0	NonTarget	1	155383
621.748	1.0	Target	2	155437
621.964	1.0	NonTarget	1	155491
622.18	1.0	NonTarget	1	155545
622.396	1.0	NonTarget	1	155599
622.612	1.0	NonTarget	1	155653
622.828	1.0	NonTarget	1	155707
623.048	1.0	NonTarget	1	155762
623.264	1.0	Target	2	155816
623.48	1.0	NonTarget	1	155870
623.696	1.0	NonTarget	1	155924
623.912	1.0	NonTarget	1	155978
624.128	1.0	NonTarget	1	156032
624.348	1.0	NonTarget	1	156087
624.564	1.0	NonTarget	1	156141
624.78	1.0	NonTarget	1	156195
624.996	1.0	NonTarget	1	156249
625.212	1.0	Target	2	156303
625.428	1.0	NonTarget	1	156357
639.928	1.0	NonTarget	1	159982
640.14	1.0	NonTarget	1	160035
640.356	1.0	NonTarget	1	160089
640.572	1.0	NonTarget	1	160143
640.792	1.0	Target	2	160198
641.008	1.0	NonTarget	1	160252
641.224	1.0	NonTarget	1	160306
641.44	1.0	NonTarget	1	160360
641.656	1.0	NonTarget	1	160414
641.872	1.0	NonTarget	1	160468
642.088	1.0	NonTarget	1	160522
642.308	1.0	Target	2	160577
642.524	1.0	NonTarget	1	160631
642.74	1.0	NonTarget	1	160685
642.956	1.0	NonTarget	1	160739
643.172	1.0	NonTarget	1	160793
643.388	1.0	NonTarget	1	160847
643.604	1.0	Target	2	160901
643.824	1.0	NonTarget	1	160956
644.04	1.0	NonTarget	1	161010
644.256	1.0	NonTarget	1	161064
644.472	1.0	NonTarget	1	161118
644.688	1.0	NonTarget	1	161172
644.904	1.0	Target	2	161226
645.12	1.0	NonTarget	1	161280
645.34	1.0	NonTarget	1	161335
645.556	1.0	NonTarget	1	161389
645.772	1.0	NonTarget	1	161443
645.988	1.0	Target	2	161497
646.204	1.0	NonTarget	1	161551
646.42	1.0	NonTarget	1	161605
646.636	1.0	Target	2	161659
646.856	1.0	NonTarget	1	161714
647.072	1.0	NonTarget	1	161768
647.288	1.0	NonTarget	1	161822
647.504	1.0	NonTarget	1	161876
647.72	1.0	NonTarget	1	161930
647.936	1.0	NonTarget	1	161984
648.152	1.0	Target	2	162038
648.372	1.0	NonTarget	1	162093
648.588	1.0	NonTarget	1	162147
648.804	1.0	NonTarget	1	162201
649.02	1.0	NonTarget	1	162255
649.236	1.0	NonTarget	1	162309
649.452	1.0	NonTarget	1	162363
649.672	1.0	NonTarget	1	162418
649.888	1.0	NonTarget	1	162472
650.104	1.0	Target	2	162526
650.32	1.0	NonTarget	1	162580
650.536	1.0	NonTarget	1	162634
650.752	1.0	NonTarget	1	162688
650.968	1.0	NonTarget	1	162742
651.188	1.0	NonTarget	1	162797
651.404	1.0	Target	2	162851
651.62	1.0	NonTarget	1	162905
651.836	1.0	NonTarget	1	162959
652.052	1.0	NonTarget	1	163013
652.268	1.0	Target	2	163067
652.484	1.0	NonTarget	1	163121
652.704	1.0	NonTarget	1	163176
659.052	1.0	NonTarget	1	164763
659.268	1.0	NonTarget	1	164817
659.484	1.0	NonTarget	1	164871
659.7	1.0	Target	2	164925
659.916	1.0	NonTarget	1	164979
660.132	1.0	NonTarget	1	165033
660.348	1.0	NonTarget	1	165087
660.564	1.0	NonTarget	1	165141
660.8	1.0	NonTarget	1	165200
661.016	1.0	Target	2	165254
661.232	1.0	NonTarget	1	165308
661.448	1.0	NonTarget	1	165362
661.664	1.0	Target	2	165416
661.884	1.0	NonTarget	1	165471
662.1	1.0	NonTarget	1	165525
662.316	1.0	NonTarget	1	165579
662.532	1.0	NonTarget	1	165633
662.748	1.0	NonTarget	1	165687
662.964	1.0	NonTarget	1	165741
663.184	1.0	NonTarget	1	165796
663.396	1.0	NonTarget	1	165849
663.616	1.0	NonTarget	1	165904
663.832	1.0	Target	2	165958
664.048	1.0	NonTarget	1	166012
664.264	1.0	NonTarget	1	166066
664.484	1.0	NonTarget	1	166121
664.7	1.0	NonTarget	1	166175
664.916	1.0	Target	2	166229
665.132	1.0	NonTarget	1	166283
665.348	1.0	NonTarget	1	166337
665.564	1.0	NonTarget	1	166391
665.784	1.0	NonTarget	1	166446
665.996	1.0	NonTarget	1	166499
666.212	1.0	Target	2	166553
666.432	1.0	NonTarget	1	166608
666.648	1.0	NonTarget	1	166662
666.864	1.0	Target	2	166716
667.096	1.0	NonTarget	1	166774
667.312	1.0	NonTarget	1	166828
667.528	1.0	NonTarget	1	166882
667.748	1.0	NonTarget	1	166937
667.964	1.0	NonTarget	1	166991
668.18	1.0	NonTarget	1	167045
668.396	1.0	Target	2	167099
668.612	1.0	NonTarget	1	167153
668.828	1.0	NonTarget	1	167207
669.044	1.0	NonTarget	1	167261
669.264	1.0	NonTarget	1	167316
669.48	1.0	NonTarget	1	167370
669.696	1.0	NonTarget	1	167424
669.912	1.0	Target	2	167478
670.144	1.0	NonTarget	1	167536
670.364	1.0	NonTarget	1	167591
670.58	1.0	NonTarget	1	167645
670.796	1.0	NonTarget	1	167699
671.012	1.0	NonTarget	1	167753
671.228	1.0	Target	2	167807
671.444	1.0	NonTarget	1	167861
671.66	1.0	NonTarget	1	167915
671.876	1.0	NonTarget	1	167969
686.524	1.0	Target	2	171631
686.74	1.0	NonTarget	1	171685
686.956	1.0	NonTarget	1	171739
687.172	1.0	NonTarget	1	171793
687.388	1.0	NonTarget	1	171847
687.608	1.0	NonTarget	1	171902
687.824	1.0	NonTarget	1	171956
688.04	1.0	Target	2	172010
688.256	1.0	NonTarget	1	172064
688.472	1.0	NonTarget	1	172118
688.688	1.0	NonTarget	1	172172
688.904	1.0	NonTarget	1	172226
689.12	1.0	NonTarget	1	172280
689.34	1.0	Target	2	172335
689.556	1.0	NonTarget	1	172389
689.772	1.0	NonTarget	1	172443
689.988	1.0	NonTarget	1	172497
690.204	1.0	NonTarget	1	172551
690.42	1.0	NonTarget	1	172605
690.636	1.0	Target	2	172659
690.856	1.0	NonTarget	1	172714
691.072	1.0	NonTarget	1	172768
691.288	1.0	NonTarget	1	172822
691.504	1.0	NonTarget	1	172876
691.72	1.0	NonTarget	1	172930
691.936	1.0	Target	2	172984
692.152	1.0	NonTarget	1	173038
692.372	1.0	NonTarget	1	173093
692.588	1.0	NonTarget	1	173147
692.804	1.0	NonTarget	1	173201
693.02	1.0	Target	2	173255
693.236	1.0	NonTarget	1	173309
693.452	1.0	NonTarget	1	173363
693.672	1.0	NonTarget	1	173418
693.888	1.0	NonTarget	1	173472
694.104	1.0	NonTarget	1	173526
694.32	1.0	NonTarget	1	173580
694.536	1.0	NonTarget	1	173634
694.752	1.0	NonTarget	1	173688
694.968	1.0	Target	2	173742
695.188	1.0	NonTarget	1	173797
695.404	1.0	NonTarget	1	173851
695.62	1.0	NonTarget	1	173905
695.836	1.0	NonTarget	1	173959
696.052	1.0	Target	2	174013
696.268	1.0	NonTarget	1	174067
696.484	1.0	NonTarget	1	174121
696.704	1.0	NonTarget	1	174176
696.92	1.0	NonTarget	1	174230
697.136	1.0	NonTarget	1	174284
697.352	1.0	NonTarget	1	174338
697.568	1.0	Target	2	174392
697.784	1.0	NonTarget	1	174446
698.0	1.0	NonTarget	1	174500
698.22	1.0	Target	2	174555
698.436	1.0	NonTarget	1	174609
698.652	1.0	NonTarget	1	174663
698.868	1.0	NonTarget	1	174717
699.084	1.0	NonTarget	1	174771
699.3	1.0	NonTarget	1	174825
705.536	1.0	NonTarget	1	176384
705.748	1.0	NonTarget	1	176437
705.964	1.0	NonTarget	1	176491
706.18	1.0	Target	2	176545
706.4	1.0	NonTarget	1	176600
706.616	1.0	NonTarget	1	176654
706.832	1.0	NonTarget	1	176708
707.048	1.0	NonTarget	1	176762
707.264	1.0	NonTarget	1	176816
707.48	1.0	Target	2	176870
707.7	1.0	NonTarget	1	176925
707.916	1.0	NonTarget	1	176979
708.132	1.0	Target	2	177033
708.348	1.0	NonTarget	1	177087
708.564	1.0	NonTarget	1	177141
708.78	1.0	NonTarget	1	177195
708.996	1.0	NonTarget	1	177249
709.216	1.0	NonTarget	1	177304
709.432	1.0	NonTarget	1	177358
709.648	1.0	NonTarget	1	177412
709.864	1.0	NonTarget	1	177466
710.08	1.0	NonTarget	1	177520
710.296	1.0	Target	2	177574
710.512	1.0	NonTarget	1	177628
710.732	1.0	NonTarget	1	177683
710.948	1.0	NonTarget	1	177737
711.164	1.0	NonTarget	1	177791
711.38	1.0	Target	2	177845
711.596	1.0	NonTarget	1	177899
711.812	1.0	NonTarget	1	177953
712.028	1.0	NonTarget	1	178007
712.248	1.0	NonTarget	1	178062
712.464	1.0	NonTarget	1	178116
712.68	1.0	Target	2	178170
712.896	1.0	NonTarget	1	178224
713.112	1.0	NonTarget	1	178278
713.328	1.0	Target	2	178332
713.548	1.0	NonTarget	1	178387
713.76	1.0	NonTarget	1	178440
713.98	1.0	NonTarget	1	178495
714.196	1.0	NonTarget	1	178549
714.412	1.0	NonTarget	1	178603
714.628	1.0	NonTarget	1	178657
714.844	1.0	Target	2	178711
715.064	1.0	NonTarget	1	178766
715.28	1.0	NonTarget	1	178820
715.496	1.0	NonTarget	1	178874
715.712	1.0	NonTarget	1	178928
715.928	1.0	NonTarget	1	178982
716.16	1.0	NonTarget	1	179040
716.38	1.0	Target	2	179095
716.596	1.0	NonTarget	1	179149
716.812	1.0	NonTarget	1	179203
717.028	1.0	NonTarget	1	179257
717.26	1.0	NonTarget	1	179315
717.476	1.0	NonTarget	1	179369
717.696	1.0	Target	2	179424
717.912	1.0	NonTarget	1	179478
718.128	1.0	NonTarget	1	179532
718.344	1.0	NonTarget	1	179586
733.124	1.0	NonTarget	1	183281
733.34	1.0	NonTarget	1	183335
733.556	1.0	Target	2	183389
733.772	1.0	NonTarget	1	183443
733.992	1.0	NonTarget	1	183498
734.204	1.0	NonTarget	1	183551
734.42	1.0	Target	2	183605
734.636	1.0	NonTarget	1	183659
734.856	1.0	NonTarget	1	183714
735.072	1.0	NonTarget	1	183768
735.288	1.0	NonTarget	1	183822
735.504	1.0	NonTarget	1	183876
735.72	1.0	NonTarget	1	183930
735.936	1.0	NonTarget	1	183984
736.152	1.0	NonTarget	1	184038
736.372	1.0	Target	2	184093
736.588	1.0	NonTarget	1	184147
736.804	1.0	NonTarget	1	184201
737.02	1.0	Target	2	184255
737.236	1.0	NonTarget	1	184309
737.456	1.0	NonTarget	1	184364
737.672	1.0	NonTarget	1	184418
737.888	1.0	NonTarget	1	184472
738.104	1.0	NonTarget	1	184526
738.32	1.0	Target	2	184580
738.536	1.0	NonTarget	1	184634
738.752	1.0	NonTarget	1	184688
738.968	1.0	NonTarget	1	184742
739.188	1.0	NonTarget	1	184797
739.404	1.0	NonTarget	1	184851
739.62	1.0	NonTarget	1	184905
739.836	1.0	NonTarget	1	184959
740.052	1.0	NonTarget	1	185013
740.268	1.0	NonTarget	1	185067
740.484	1.0	Target	2	185121
740.704	1.0	NonTarget	1	185176
740.92	1.0	NonTarget	1	185230
741.136	1.0	NonTarget	1	185284
741.352	1.0	NonTarget	1	185338
741.568	1.0	NonTarget	1	185392
741.784	1.0	Target	2	185446
742.0	1.0	NonTarget	1	185500
742.22	1.0	NonTarget	1	185555
742.436	1.0	NonTarget	1	185609
742.652	1.0	NonTarget	1	185663
742.868	1.0	Target	2	185717
743.084	1.0	NonTarget	1	185771
743.3	1.0	NonTarget	1	185825
743.516	1.0	Target	2	185879
743.736	1.0	NonTarget	1	185934
743.952	1.0	NonTarget	1	185988
744.168	1.0	NonTarget	1	186042
744.384	1.0	NonTarget	1	186096
744.6	1.0	NonTarget	1	186150
744.816	1.0	NonTarget	1	186204
745.052	1.0	Target	2	186263
745.268	1.0	NonTarget	1	186317
745.484	1.0	NonTarget	1	186371
745.7	1.0	NonTarget	1	186425
745.916	1.0	NonTarget	1	186479
752.316	1.0	Target	2	188079
752.532	1.0	NonTarget	1	188133
752.748	1.0	NonTarget	1	188187
752.964	1.0	NonTarget	1	188241
753.18	1.0	NonTarget	1	188295
753.396	1.0	NonTarget	1	188349
753.616	1.0	NonTarget	1	188404
753.832	1.0	Target	2	188458
754.048	1.0	NonTarget	1	188512
754.264	1.0	NonTarget	1	188566
754.48	1.0	NonTarget	1	188620
754.696	1.0	NonTarget	1	188674
754.912	1.0	NonTarget	1	188728
755.128	1.0	Target	2	188782
755.348	1.0	NonTarget	1	188837
755.564	1.0	NonTarget	1	188891
755.78	1.0	NonTarget	1	188945
755.996	1.0	NonTarget	1	188999
756.212	1.0	NonTarget	1	189053
756.428	1.0	Target	2	189107
756.644	1.0	NonTarget	1	189161
756.864	1.0	NonTarget	1	189216
757.08	1.0	NonTarget	1	189270
757.296	1.0	NonTarget	1	189324
757.512	1.0	NonTarget	1	189378
757.728	1.0	Target	2	189432
757.944	1.0	NonTarget	1	189486
758.16	1.0	NonTarget	1	189540
758.38	1.0	NonTarget	1	189595
758.596	1.0	NonTarget	1	189649
758.812	1.0	Target	2	189703
759.028	1.0	NonTarget	1	189757
759.244	1.0	NonTarget	1	189811
759.46	1.0	NonTarget	1	189865
759.676	1.0	NonTarget	1	189919
759.896	1.0	NonTarget	1	189974
760.112	1.0	NonTarget	1	190028
760.328	1.0	NonTarget	1	190082
760.544	1.0	NonTarget	1	190136
760.76	1.0	Target	2	190190
760.976	1.0	NonTarget	1	190244
761.196	1.0	NonTarget	1	190299
761.412	1.0	NonTarget	1	190353
761.628	1.0	NonTarget	1	190407
761.844	1.0	Target	2	190461
762.06	1.0	NonTarget	1	190515
762.276	1.0	NonTarget	1	190569
762.492	1.0	NonTarget	1	190623
762.712	1.0	NonTarget	1	190678
762.928	1.0	NonTarget	1	190732
763.144	1.0	NonTarget	1	190786
763.36	1.0	Target	2	190840
763.576	1.0	NonTarget	1	190894
763.792	1.0	NonTarget	1	190948
764.008	1.0	Target	2	191002
764.224	1.0	NonTarget	1	191056
764.444	1.0	NonTarget	1	191111
764.66	1.0	NonTarget	1	191165
764.876	1.0	NonTarget	1	191219
765.092	1.0	NonTarget	1	191273
779.74	1.0	NonTarget	1	194935
779.952	1.0	Target	2	194988
780.172	1.0	NonTarget	1	195043
780.388	1.0	NonTarget	1	195097
780.604	1.0	NonTarget	1	195151
780.82	1.0	NonTarget	1	195205
781.036	1.0	NonTarget	1	195259
781.252	1.0	NonTarget	1	195313
781.468	1.0	Target	2	195367
781.688	1.0	NonTarget	1	195422
781.904	1.0	NonTarget	1	195476
782.12	1.0	NonTarget	1	195530
782.336	1.0	NonTarget	1	195584
782.552	1.0	NonTarget	1	195638
782.768	1.0	NonTarget	1	195692
782.984	1.0	NonTarget	1	195746
783.204	1.0	Target	2	195801
783.42	1.0	NonTarget	1	195855
783.636	1.0	NonTarget	1	195909
783.852	1.0	NonTarget	1	195963
784.068	1.0	NonTarget	1	196017
784.284	1.0	Target	2	196071
784.5	1.0	NonTarget	1	196125
784.72	1.0	NonTarget	1	196180
784.936	1.0	NonTarget	1	196234
785.152	1.0	NonTarget	1	196288
785.368	1.0	Target	2	196342
785.584	1.0	NonTarget	1	196396
785.82	1.0	NonTarget	1	196455
786.036	1.0	NonTarget	1	196509
786.252	1.0	NonTarget	1	196563
786.468	1.0	NonTarget	1	196617
786.684	1.0	Target	2	196671
786.9	1.0	NonTarget	1	196725
787.116	1.0	NonTarget	1	196779
787.336	1.0	NonTarget	1	196834
787.552	1.0	NonTarget	1	196888
787.768	1.0	Target	2	196942
787.984	1.0	NonTarget	1	196996
788.2	1.0	NonTarget	1	197050
788.416	1.0	NonTarget	1	197104
788.632	1.0	NonTarget	1	197158
788.848	1.0	Target	2	197212
789.068	1.0	NonTarget	1	197267
789.284	1.0	NonTarget	1	197321
789.5	1.0	NonTarget	1	197375
789.716	1.0	NonTarget	1	197429
789.932	1.0	NonTarget	1	197483
790.168	1.0	NonTarget	1	197542
790.384	1.0	Target	2	197596
790.6	1.0	NonTarget	1	197650
790.816	1.0	NonTarget	1	197704
791.032	1.0	NonTarget	1	197758
791.248	1.0	NonTarget	1	197812
791.464	1.0	NonTarget	1	197866
791.684	1.0	NonTarget	1	197921
791.9	1.0	NonTarget	1	197975
792.116	1.0	NonTarget	1	198029
792.332	1.0	Target	2	198083
792.552	1.0	NonTarget	1	198138
798.848	1.0	NonTarget	1	199712
799.064	1.0	NonTarget	1	199766
799.28	1.0	Target	2	199820
799.496	1.0	NonTarget	1	199874
799.712	1.0	NonTarget	1	199928
799.928	1.0	NonTarget	1	199982
800.148	1.0	Target	2	200037
800.364	1.0	NonTarget	1	200091
800.58	1.0	NonTarget	1	200145
800.796	1.0	NonTarget	1	200199
801.012	1.0	NonTarget	1	200253
801.228	1.0	NonTarget	1	200307
801.444	1.0	NonTarget	1	200361
801.664	1.0	NonTarget	1	200416
801.88	1.0	NonTarget	1	200470
802.096	1.0	Target	2	200524
802.312	1.0	NonTarget	1	200578
802.528	1.0	NonTarget	1	200632
802.744	1.0	Target	2	200686
802.96	1.0	NonTarget	1	200740
803.18	1.0	NonTarget	1	200795
803.396	1.0	NonTarget	1	200849
803.612	1.0	NonTarget	1	200903
803.828	1.0	NonTarget	1	200957
804.044	1.0	Target	2	201011
804.26	1.0	NonTarget	1	201065
804.476	1.0	NonTarget	1	201119
804.696	1.0	NonTarget	1	201174
804.912	1.0	NonTarget	1	201228
805.128	1.0	NonTarget	1	201282
805.344	1.0	NonTarget	1	201336
805.56	1.0	NonTarget	1	201390
805.776	1.0	NonTarget	1	201444
806.012	1.0	NonTarget	1	201503
806.244	1.0	Target	2	201561
806.46	1.0	NonTarget	1	201615
806.676	1.0	NonTarget	1	201669
806.892	1.0	NonTarget	1	201723
807.112	1.0	NonTarget	1	201778
807.328	1.0	NonTarget	1	201832
807.544	1.0	Target	2	201886
807.76	1.0	NonTarget	1	201940
807.976	1.0	NonTarget	1	201994
808.192	1.0	NonTarget	1	202048
808.408	1.0	NonTarget	1	202102
808.628	1.0	Target	2	202157
808.844	1.0	NonTarget	1	202211
809.06	1.0	NonTarget	1	202265
809.276	1.0	Target	2	202319
809.492	1.0	NonTarget	1	202373
809.708	1.0	NonTarget	1	202427
809.924	1.0	NonTarget	1	202481
810.14	1.0	NonTarget	1	202535
810.36	1.0	NonTarget	1	202590
810.576	1.0	NonTarget	1	202644
810.792	1.0	Target	2	202698
811.008	1.0	NonTarget	1	202752
811.224	1.0	NonTarget	1	202806
811.44	1.0	NonTarget	1	202860
811.66	1.0	NonTarget	1	202915
