onset	duration	trial_type	value	sample
13.08	n/a	NonTarget	1	3270
13.296	n/a	NonTarget	1	3324
13.512	n/a	Target	2	3378
13.728	n/a	NonTarget	1	3432
13.944	n/a	NonTarget	1	3486
14.16	n/a	NonTarget	1	3540
14.376	n/a	NonTarget	1	3594
14.596	n/a	NonTarget	1	3649
14.812	n/a	NonTarget	1	3703
15.028	n/a	Target	2	3757
15.244	n/a	NonTarget	1	3811
15.46	n/a	NonTarget	1	3865
15.676	n/a	NonTarget	1	3919
15.896	n/a	Target	2	3974
16.112	n/a	NonTarget	1	4028
16.328	n/a	NonTarget	1	4082
16.544	n/a	NonTarget	1	4136
16.76	n/a	NonTarget	1	4190
16.976	n/a	NonTarget	1	4244
17.192	n/a	NonTarget	1	4298
17.408	n/a	NonTarget	1	4352
17.628	n/a	NonTarget	1	4407
17.844	n/a	Target	2	4461
18.06	n/a	NonTarget	1	4515
18.276	n/a	NonTarget	1	4569
18.492	n/a	NonTarget	1	4623
18.708	n/a	Target	2	4677
18.924	n/a	NonTarget	1	4731
19.144	n/a	NonTarget	1	4786
19.36	n/a	NonTarget	1	4840
19.576	n/a	NonTarget	1	4894
19.792	n/a	NonTarget	1	4948
20.008	n/a	Target	2	5002
20.24	n/a	NonTarget	1	5060
20.46	n/a	NonTarget	1	5115
20.676	n/a	NonTarget	1	5169
20.892	n/a	Target	2	5223
21.108	n/a	NonTarget	1	5277
21.324	n/a	NonTarget	1	5331
21.54	n/a	NonTarget	1	5385
21.76	n/a	NonTarget	1	5440
21.976	n/a	NonTarget	1	5494
22.192	n/a	NonTarget	1	5548
22.408	n/a	Target	2	5602
22.624	n/a	NonTarget	1	5656
22.84	n/a	NonTarget	1	5710
23.056	n/a	NonTarget	1	5764
23.272	n/a	NonTarget	1	5818
23.492	n/a	NonTarget	1	5873
23.708	n/a	NonTarget	1	5927
23.924	n/a	NonTarget	1	5981
24.14	n/a	NonTarget	1	6035
24.356	n/a	Target	2	6089
24.572	n/a	NonTarget	1	6143
24.792	n/a	NonTarget	1	6198
25.008	n/a	NonTarget	1	6252
25.224	n/a	NonTarget	1	6306
25.44	n/a	NonTarget	1	6360
25.656	n/a	Target	2	6414
25.872	n/a	NonTarget	1	6468
30.656	n/a	NonTarget	1	7664
30.872	n/a	NonTarget	1	7718
31.088	n/a	NonTarget	1	7772
31.304	n/a	NonTarget	1	7826
31.52	n/a	NonTarget	1	7880
31.736	n/a	Target	2	7934
31.956	n/a	NonTarget	1	7989
32.172	n/a	NonTarget	1	8043
32.388	n/a	NonTarget	1	8097
32.604	n/a	NonTarget	1	8151
32.82	n/a	Target	2	8205
33.036	n/a	NonTarget	1	8259
33.252	n/a	NonTarget	1	8313
33.468	n/a	NonTarget	1	8367
33.688	n/a	Target	2	8422
33.904	n/a	NonTarget	1	8476
34.12	n/a	NonTarget	1	8530
34.336	n/a	NonTarget	1	8584
34.552	n/a	NonTarget	1	8638
34.768	n/a	NonTarget	1	8692
34.988	n/a	Target	2	8747
35.204	n/a	NonTarget	1	8801
35.42	n/a	NonTarget	1	8855
35.636	n/a	NonTarget	1	8909
35.852	n/a	NonTarget	1	8963
36.068	n/a	NonTarget	1	9017
36.284	n/a	NonTarget	1	9071
36.504	n/a	NonTarget	1	9126
36.72	n/a	NonTarget	1	9180
36.936	n/a	Target	2	9234
37.152	n/a	NonTarget	1	9288
37.368	n/a	NonTarget	1	9342
37.584	n/a	NonTarget	1	9396
37.804	n/a	NonTarget	1	9451
38.02	n/a	Target	2	9505
38.236	n/a	NonTarget	1	9559
38.452	n/a	NonTarget	1	9613
38.668	n/a	NonTarget	1	9667
38.884	n/a	NonTarget	1	9721
39.1	n/a	Target	2	9775
39.32	n/a	NonTarget	1	9830
39.536	n/a	NonTarget	1	9884
39.752	n/a	NonTarget	1	9938
39.968	n/a	NonTarget	1	9992
40.184	n/a	Target	2	10046
40.4	n/a	NonTarget	1	10100
40.616	n/a	NonTarget	1	10154
40.836	n/a	NonTarget	1	10209
41.052	n/a	NonTarget	1	10263
41.268	n/a	NonTarget	1	10317
41.484	n/a	Target	2	10371
41.7	n/a	NonTarget	1	10425
41.916	n/a	NonTarget	1	10479
42.132	n/a	NonTarget	1	10533
42.352	n/a	NonTarget	1	10588
42.568	n/a	Target	2	10642
42.784	n/a	NonTarget	1	10696
43.0	n/a	NonTarget	1	10750
43.216	n/a	NonTarget	1	10804
43.432	n/a	NonTarget	1	10858
57.648	n/a	NonTarget	1	14412
57.86	n/a	Target	2	14465
58.076	n/a	NonTarget	1	14519
58.296	n/a	NonTarget	1	14574
58.512	n/a	NonTarget	1	14628
58.728	n/a	NonTarget	1	14682
58.944	n/a	NonTarget	1	14736
59.16	n/a	Target	2	14790
59.376	n/a	NonTarget	1	14844
59.592	n/a	NonTarget	1	14898
59.812	n/a	NonTarget	1	14953
60.028	n/a	NonTarget	1	15007
60.244	n/a	Target	2	15061
60.46	n/a	NonTarget	1	15115
60.676	n/a	NonTarget	1	15169
60.892	n/a	NonTarget	1	15223
61.108	n/a	NonTarget	1	15277
61.328	n/a	NonTarget	1	15332
61.544	n/a	Target	2	15386
61.76	n/a	NonTarget	1	15440
61.976	n/a	NonTarget	1	15494
62.208	n/a	NonTarget	1	15552
62.428	n/a	NonTarget	1	15607
62.644	n/a	NonTarget	1	15661
62.86	n/a	NonTarget	1	15715
63.076	n/a	NonTarget	1	15769
63.292	n/a	NonTarget	1	15823
63.508	n/a	Target	2	15877
63.724	n/a	NonTarget	1	15931
63.944	n/a	NonTarget	1	15986
64.16	n/a	NonTarget	1	16040
64.376	n/a	Target	2	16094
64.592	n/a	NonTarget	1	16148
64.808	n/a	NonTarget	1	16202
65.024	n/a	NonTarget	1	16256
65.24	n/a	NonTarget	1	16310
65.46	n/a	NonTarget	1	16365
65.676	n/a	NonTarget	1	16419
65.892	n/a	NonTarget	1	16473
66.108	n/a	NonTarget	1	16527
66.324	n/a	Target	2	16581
66.54	n/a	NonTarget	1	16635
66.756	n/a	NonTarget	1	16689
66.976	n/a	NonTarget	1	16744
67.192	n/a	NonTarget	1	16798
67.408	n/a	Target	2	16852
67.624	n/a	NonTarget	1	16906
67.84	n/a	NonTarget	1	16960
68.056	n/a	NonTarget	1	17014
68.272	n/a	Target	2	17068
68.492	n/a	NonTarget	1	17123
68.708	n/a	NonTarget	1	17177
68.924	n/a	NonTarget	1	17231
69.14	n/a	NonTarget	1	17285
69.356	n/a	NonTarget	1	17339
69.572	n/a	NonTarget	1	17393
69.792	n/a	NonTarget	1	17448
70.008	n/a	NonTarget	1	17502
70.224	n/a	NonTarget	1	17556
70.456	n/a	Target	2	17614
75.372	n/a	NonTarget	1	18843
75.588	n/a	NonTarget	1	18897
75.804	n/a	NonTarget	1	18951
76.02	n/a	Target	2	19005
76.236	n/a	NonTarget	1	19059
76.456	n/a	NonTarget	1	19114
76.672	n/a	NonTarget	1	19168
76.888	n/a	NonTarget	1	19222
77.104	n/a	NonTarget	1	19276
77.32	n/a	NonTarget	1	19330
77.536	n/a	NonTarget	1	19384
77.752	n/a	Target	2	19438
77.972	n/a	NonTarget	1	19493
78.188	n/a	NonTarget	1	19547
78.404	n/a	NonTarget	1	19601
78.62	n/a	Target	2	19655
78.836	n/a	NonTarget	1	19709
79.052	n/a	NonTarget	1	19763
79.268	n/a	NonTarget	1	19817
79.484	n/a	Target	2	19871
79.704	n/a	NonTarget	1	19926
79.92	n/a	NonTarget	1	19980
80.136	n/a	NonTarget	1	20034
80.352	n/a	NonTarget	1	20088
80.568	n/a	NonTarget	1	20142
80.784	n/a	Target	2	20196
81.004	n/a	NonTarget	1	20251
81.22	n/a	NonTarget	1	20305
81.436	n/a	NonTarget	1	20359
81.652	n/a	NonTarget	1	20413
81.868	n/a	Target	2	20467
82.084	n/a	NonTarget	1	20521
82.3	n/a	NonTarget	1	20575
82.52	n/a	NonTarget	1	20630
82.736	n/a	NonTarget	1	20684
82.952	n/a	NonTarget	1	20738
83.168	n/a	NonTarget	1	20792
83.384	n/a	NonTarget	1	20846
83.6	n/a	Target	2	20900
83.82	n/a	NonTarget	1	20955
84.036	n/a	NonTarget	1	21009
84.252	n/a	NonTarget	1	21063
84.468	n/a	NonTarget	1	21117
84.684	n/a	NonTarget	1	21171
84.9	n/a	NonTarget	1	21225
85.116	n/a	NonTarget	1	21279
85.332	n/a	NonTarget	1	21333
85.552	n/a	Target	2	21388
85.768	n/a	NonTarget	1	21442
85.984	n/a	NonTarget	1	21496
86.2	n/a	NonTarget	1	21550
86.416	n/a	Target	2	21604
86.632	n/a	NonTarget	1	21658
86.852	n/a	NonTarget	1	21713
87.068	n/a	Target	2	21767
87.284	n/a	NonTarget	1	21821
87.5	n/a	NonTarget	1	21875
87.716	n/a	NonTarget	1	21929
87.932	n/a	NonTarget	1	21983
88.148	n/a	NonTarget	1	22037
102.596	n/a	NonTarget	1	25649
102.812	n/a	NonTarget	1	25703
103.028	n/a	NonTarget	1	25757
103.244	n/a	NonTarget	1	25811
103.46	n/a	NonTarget	1	25865
103.676	n/a	Target	2	25919
103.892	n/a	NonTarget	1	25973
104.108	n/a	NonTarget	1	26027
104.328	n/a	NonTarget	1	26082
104.544	n/a	NonTarget	1	26136
104.76	n/a	Target	2	26190
104.976	n/a	NonTarget	1	26244
105.192	n/a	NonTarget	1	26298
105.408	n/a	NonTarget	1	26352
105.628	n/a	Target	2	26407
105.844	n/a	NonTarget	1	26461
106.06	n/a	NonTarget	1	26515
106.276	n/a	NonTarget	1	26569
106.492	n/a	NonTarget	1	26623
106.708	n/a	NonTarget	1	26677
106.928	n/a	Target	2	26732
107.144	n/a	NonTarget	1	26786
107.36	n/a	NonTarget	1	26840
107.576	n/a	NonTarget	1	26894
107.792	n/a	NonTarget	1	26948
108.008	n/a	NonTarget	1	27002
108.224	n/a	NonTarget	1	27056
108.444	n/a	NonTarget	1	27111
108.66	n/a	NonTarget	1	27165
108.876	n/a	Target	2	27219
109.092	n/a	NonTarget	1	27273
109.308	n/a	NonTarget	1	27327
109.524	n/a	NonTarget	1	27381
109.74	n/a	NonTarget	1	27435
109.956	n/a	Target	2	27489
110.176	n/a	NonTarget	1	27544
110.392	n/a	NonTarget	1	27598
110.608	n/a	NonTarget	1	27652
110.824	n/a	NonTarget	1	27706
111.04	n/a	Target	2	27760
111.256	n/a	NonTarget	1	27814
111.472	n/a	NonTarget	1	27868
111.692	n/a	NonTarget	1	27923
111.908	n/a	NonTarget	1	27977
112.124	n/a	Target	2	28031
112.34	n/a	NonTarget	1	28085
112.556	n/a	NonTarget	1	28139
112.772	n/a	NonTarget	1	28193
112.992	n/a	NonTarget	1	28248
113.208	n/a	NonTarget	1	28302
113.424	n/a	Target	2	28356
113.64	n/a	NonTarget	1	28410
113.856	n/a	NonTarget	1	28464
114.072	n/a	NonTarget	1	28518
114.288	n/a	NonTarget	1	28572
114.508	n/a	Target	2	28627
114.724	n/a	NonTarget	1	28681
114.94	n/a	NonTarget	1	28735
115.172	n/a	NonTarget	1	28793
115.388	n/a	NonTarget	1	28847
120.308	n/a	NonTarget	1	30077
120.52	n/a	NonTarget	1	30130
120.736	n/a	NonTarget	1	30184
120.952	n/a	Target	2	30238
121.172	n/a	NonTarget	1	30293
121.388	n/a	NonTarget	1	30347
121.604	n/a	NonTarget	1	30401
121.82	n/a	NonTarget	1	30455
122.036	n/a	NonTarget	1	30509
122.252	n/a	NonTarget	1	30563
122.472	n/a	NonTarget	1	30618
122.688	n/a	Target	2	30672
122.904	n/a	NonTarget	1	30726
123.12	n/a	NonTarget	1	30780
123.336	n/a	NonTarget	1	30834
123.552	n/a	Target	2	30888
123.768	n/a	NonTarget	1	30942
123.988	n/a	NonTarget	1	30997
124.204	n/a	NonTarget	1	31051
124.42	n/a	Target	2	31105
124.636	n/a	NonTarget	1	31159
124.852	n/a	NonTarget	1	31213
125.068	n/a	NonTarget	1	31267
125.284	n/a	NonTarget	1	31321
125.504	n/a	NonTarget	1	31376
125.72	n/a	Target	2	31430
125.936	n/a	NonTarget	1	31484
126.152	n/a	NonTarget	1	31538
126.368	n/a	NonTarget	1	31592
126.584	n/a	NonTarget	1	31646
126.8	n/a	Target	2	31700
127.02	n/a	NonTarget	1	31755
127.236	n/a	NonTarget	1	31809
127.452	n/a	NonTarget	1	31863
127.668	n/a	NonTarget	1	31917
127.884	n/a	NonTarget	1	31971
128.1	n/a	NonTarget	1	32025
128.316	n/a	NonTarget	1	32079
128.536	n/a	Target	2	32134
128.752	n/a	NonTarget	1	32188
128.968	n/a	NonTarget	1	32242
129.184	n/a	NonTarget	1	32296
129.4	n/a	NonTarget	1	32350
129.616	n/a	NonTarget	1	32404
129.836	n/a	NonTarget	1	32459
130.052	n/a	NonTarget	1	32513
130.268	n/a	NonTarget	1	32567
130.484	n/a	Target	2	32621
130.7	n/a	NonTarget	1	32675
130.916	n/a	NonTarget	1	32729
131.132	n/a	NonTarget	1	32783
131.368	n/a	Target	2	32842
131.584	n/a	NonTarget	1	32896
131.8	n/a	NonTarget	1	32950
132.016	n/a	Target	2	33004
132.232	n/a	NonTarget	1	33058
132.448	n/a	NonTarget	1	33112
132.668	n/a	NonTarget	1	33167
132.884	n/a	NonTarget	1	33221
133.1	n/a	NonTarget	1	33275
147.596	n/a	NonTarget	1	36899
147.812	n/a	NonTarget	1	36953
148.028	n/a	NonTarget	1	37007
148.244	n/a	NonTarget	1	37061
148.46	n/a	NonTarget	1	37115
148.676	n/a	Target	2	37169
148.892	n/a	NonTarget	1	37223
149.112	n/a	NonTarget	1	37278
149.328	n/a	NonTarget	1	37332
149.544	n/a	NonTarget	1	37386
149.76	n/a	Target	2	37440
149.976	n/a	NonTarget	1	37494
150.192	n/a	NonTarget	1	37548
150.408	n/a	NonTarget	1	37602
150.628	n/a	Target	2	37657
150.844	n/a	NonTarget	1	37711
151.06	n/a	NonTarget	1	37765
151.276	n/a	NonTarget	1	37819
151.492	n/a	NonTarget	1	37873
151.708	n/a	NonTarget	1	37927
151.924	n/a	Target	2	37981
152.144	n/a	NonTarget	1	38036
152.36	n/a	NonTarget	1	38090
152.576	n/a	NonTarget	1	38144
152.792	n/a	NonTarget	1	38198
153.008	n/a	NonTarget	1	38252
153.224	n/a	NonTarget	1	38306
153.44	n/a	NonTarget	1	38360
153.66	n/a	NonTarget	1	38415
153.876	n/a	Target	2	38469
154.092	n/a	NonTarget	1	38523
154.308	n/a	NonTarget	1	38577
154.524	n/a	NonTarget	1	38631
154.74	n/a	NonTarget	1	38685
154.956	n/a	Target	2	38739
155.176	n/a	NonTarget	1	38794
155.392	n/a	NonTarget	1	38848
155.608	n/a	NonTarget	1	38902
155.824	n/a	NonTarget	1	38956
156.04	n/a	Target	2	39010
156.256	n/a	NonTarget	1	39064
156.472	n/a	NonTarget	1	39118
156.692	n/a	NonTarget	1	39173
156.908	n/a	NonTarget	1	39227
157.124	n/a	Target	2	39281
157.34	n/a	NonTarget	1	39335
157.556	n/a	NonTarget	1	39389
157.772	n/a	NonTarget	1	39443
157.988	n/a	NonTarget	1	39497
158.208	n/a	NonTarget	1	39552
158.424	n/a	Target	2	39606
158.64	n/a	NonTarget	1	39660
158.856	n/a	NonTarget	1	39714
159.072	n/a	NonTarget	1	39768
159.288	n/a	NonTarget	1	39822
159.508	n/a	Target	2	39877
159.724	n/a	NonTarget	1	39931
159.94	n/a	NonTarget	1	39985
160.156	n/a	NonTarget	1	40039
160.372	n/a	NonTarget	1	40093
165.04	n/a	NonTarget	1	41260
165.252	n/a	NonTarget	1	41313
165.472	n/a	NonTarget	1	41368
165.688	n/a	NonTarget	1	41422
165.904	n/a	Target	2	41476
166.12	n/a	NonTarget	1	41530
166.336	n/a	NonTarget	1	41584
166.552	n/a	NonTarget	1	41638
166.772	n/a	Target	2	41693
166.988	n/a	NonTarget	1	41747
167.204	n/a	NonTarget	1	41801
167.436	n/a	NonTarget	1	41859
167.652	n/a	NonTarget	1	41913
167.872	n/a	NonTarget	1	41968
168.084	n/a	NonTarget	1	42021
168.304	n/a	NonTarget	1	42076
168.52	n/a	Target	2	42130
168.736	n/a	NonTarget	1	42184
168.952	n/a	NonTarget	1	42238
169.168	n/a	NonTarget	1	42292
169.384	n/a	NonTarget	1	42346
169.604	n/a	NonTarget	1	42401
169.82	n/a	NonTarget	1	42455
170.036	n/a	Target	2	42509
170.252	n/a	NonTarget	1	42563
170.468	n/a	NonTarget	1	42617
170.684	n/a	NonTarget	1	42671
170.9	n/a	NonTarget	1	42725
171.12	n/a	Target	2	42780
171.336	n/a	NonTarget	1	42834
171.552	n/a	NonTarget	1	42888
171.768	n/a	NonTarget	1	42942
171.984	n/a	NonTarget	1	42996
172.2	n/a	Target	2	43050
172.42	n/a	NonTarget	1	43105
172.636	n/a	NonTarget	1	43159
172.852	n/a	NonTarget	1	43213
173.068	n/a	Target	2	43267
173.284	n/a	NonTarget	1	43321
173.5	n/a	NonTarget	1	43375
173.716	n/a	NonTarget	1	43429
173.932	n/a	NonTarget	1	43483
174.152	n/a	Target	2	43538
174.368	n/a	NonTarget	1	43592
174.584	n/a	NonTarget	1	43646
174.8	n/a	NonTarget	1	43700
175.016	n/a	NonTarget	1	43754
175.232	n/a	NonTarget	1	43808
175.448	n/a	Target	2	43862
175.668	n/a	NonTarget	1	43917
175.884	n/a	NonTarget	1	43971
176.1	n/a	NonTarget	1	44025
176.316	n/a	NonTarget	1	44079
176.532	n/a	NonTarget	1	44133
176.748	n/a	NonTarget	1	44187
176.968	n/a	NonTarget	1	44242
177.184	n/a	Target	2	44296
177.4	n/a	NonTarget	1	44350
177.616	n/a	NonTarget	1	44404
177.832	n/a	NonTarget	1	44458
192.064	n/a	NonTarget	1	48016
192.276	n/a	NonTarget	1	48069
192.492	n/a	NonTarget	1	48123
192.708	n/a	Target	2	48177
192.928	n/a	NonTarget	1	48232
193.144	n/a	NonTarget	1	48286
193.36	n/a	NonTarget	1	48340
193.576	n/a	NonTarget	1	48394
193.792	n/a	NonTarget	1	48448
194.008	n/a	NonTarget	1	48502
194.228	n/a	NonTarget	1	48557
194.444	n/a	Target	2	48611
194.66	n/a	NonTarget	1	48665
194.876	n/a	NonTarget	1	48719
195.092	n/a	NonTarget	1	48773
195.308	n/a	Target	2	48827
195.524	n/a	NonTarget	1	48881
195.744	n/a	NonTarget	1	48936
195.96	n/a	NonTarget	1	48990
196.176	n/a	Target	2	49044
196.392	n/a	NonTarget	1	49098
196.624	n/a	NonTarget	1	49156
196.84	n/a	NonTarget	1	49210
197.06	n/a	NonTarget	1	49265
197.276	n/a	NonTarget	1	49319
197.492	n/a	Target	2	49373
197.708	n/a	NonTarget	1	49427
197.924	n/a	NonTarget	1	49481
198.14	n/a	NonTarget	1	49535
198.356	n/a	NonTarget	1	49589
198.576	n/a	Target	2	49644
198.792	n/a	NonTarget	1	49698
199.008	n/a	NonTarget	1	49752
199.224	n/a	NonTarget	1	49806
199.44	n/a	NonTarget	1	49860
199.656	n/a	NonTarget	1	49914
199.876	n/a	NonTarget	1	49969
200.092	n/a	NonTarget	1	50023
200.308	n/a	Target	2	50077
200.524	n/a	NonTarget	1	50131
200.74	n/a	NonTarget	1	50185
200.956	n/a	NonTarget	1	50239
201.172	n/a	NonTarget	1	50293
201.392	n/a	NonTarget	1	50348
201.608	n/a	NonTarget	1	50402
201.824	n/a	NonTarget	1	50456
202.04	n/a	NonTarget	1	50510
202.256	n/a	Target	2	50564
202.472	n/a	NonTarget	1	50618
202.688	n/a	NonTarget	1	50672
202.904	n/a	NonTarget	1	50726
203.124	n/a	Target	2	50781
203.34	n/a	NonTarget	1	50835
203.556	n/a	NonTarget	1	50889
203.772	n/a	Target	2	50943
203.988	n/a	NonTarget	1	50997
204.204	n/a	NonTarget	1	51051
204.424	n/a	NonTarget	1	51106
204.64	n/a	NonTarget	1	51160
204.856	n/a	NonTarget	1	51214
209.74	n/a	NonTarget	1	52435
209.952	n/a	NonTarget	1	52488
210.172	n/a	Target	2	52543
210.388	n/a	NonTarget	1	52597
210.604	n/a	NonTarget	1	52651
210.82	n/a	NonTarget	1	52705
211.036	n/a	NonTarget	1	52759
211.252	n/a	NonTarget	1	52813
211.468	n/a	NonTarget	1	52867
211.688	n/a	Target	2	52922
211.904	n/a	NonTarget	1	52976
212.12	n/a	NonTarget	1	53030
212.336	n/a	NonTarget	1	53084
212.552	n/a	Target	2	53138
212.768	n/a	NonTarget	1	53192
212.984	n/a	NonTarget	1	53246
213.2	n/a	NonTarget	1	53300
213.42	n/a	NonTarget	1	53355
213.636	n/a	NonTarget	1	53409
213.852	n/a	NonTarget	1	53463
214.068	n/a	NonTarget	1	53517
214.284	n/a	NonTarget	1	53571
214.5	n/a	Target	2	53625
214.72	n/a	NonTarget	1	53680
214.936	n/a	NonTarget	1	53734
215.152	n/a	NonTarget	1	53788
215.368	n/a	Target	2	53842
215.584	n/a	NonTarget	1	53896
215.8	n/a	NonTarget	1	53950
216.016	n/a	NonTarget	1	54004
216.236	n/a	NonTarget	1	54059
216.452	n/a	NonTarget	1	54113
216.668	n/a	Target	2	54167
216.884	n/a	NonTarget	1	54221
217.1	n/a	NonTarget	1	54275
217.316	n/a	NonTarget	1	54329
217.532	n/a	Target	2	54383
217.752	n/a	NonTarget	1	54438
217.968	n/a	NonTarget	1	54492
218.184	n/a	NonTarget	1	54546
218.4	n/a	NonTarget	1	54600
218.616	n/a	NonTarget	1	54654
218.832	n/a	NonTarget	1	54708
219.052	n/a	Target	2	54763
219.268	n/a	NonTarget	1	54817
219.484	n/a	NonTarget	1	54871
219.7	n/a	NonTarget	1	54925
219.916	n/a	NonTarget	1	54979
220.132	n/a	NonTarget	1	55033
220.348	n/a	NonTarget	1	55087
220.568	n/a	NonTarget	1	55142
220.784	n/a	NonTarget	1	55196
221.0	n/a	Target	2	55250
221.216	n/a	NonTarget	1	55304
221.432	n/a	NonTarget	1	55358
221.648	n/a	NonTarget	1	55412
221.864	n/a	NonTarget	1	55466
222.084	n/a	NonTarget	1	55521
222.3	n/a	Target	2	55575
222.516	n/a	NonTarget	1	55629
236.728	n/a	Target	2	59182
236.944	n/a	NonTarget	1	59236
237.16	n/a	NonTarget	1	59290
237.376	n/a	NonTarget	1	59344
237.592	n/a	NonTarget	1	59398
237.808	n/a	NonTarget	1	59452
238.028	n/a	Target	2	59507
238.244	n/a	NonTarget	1	59561
238.46	n/a	NonTarget	1	59615
238.676	n/a	NonTarget	1	59669
238.892	n/a	NonTarget	1	59723
239.108	n/a	NonTarget	1	59777
239.324	n/a	NonTarget	1	59831
239.544	n/a	NonTarget	1	59886
239.76	n/a	NonTarget	1	59940
239.976	n/a	NonTarget	1	59994
240.192	n/a	NonTarget	1	60048
240.408	n/a	Target	2	60102
240.624	n/a	NonTarget	1	60156
240.84	n/a	NonTarget	1	60210
241.06	n/a	NonTarget	1	60265
241.276	n/a	Target	2	60319
241.492	n/a	NonTarget	1	60373
241.708	n/a	NonTarget	1	60427
241.924	n/a	Target	2	60481
242.14	n/a	NonTarget	1	60535
242.36	n/a	NonTarget	1	60590
242.576	n/a	NonTarget	1	60644
242.792	n/a	NonTarget	1	60698
243.008	n/a	NonTarget	1	60752
243.224	n/a	NonTarget	1	60806
243.44	n/a	NonTarget	1	60860
243.656	n/a	NonTarget	1	60914
243.872	n/a	NonTarget	1	60968
244.092	n/a	NonTarget	1	61023
244.308	n/a	Target	2	61077
244.524	n/a	NonTarget	1	61131
244.74	n/a	NonTarget	1	61185
244.956	n/a	NonTarget	1	61239
245.172	n/a	NonTarget	1	61293
245.392	n/a	NonTarget	1	61348
245.608	n/a	Target	2	61402
245.824	n/a	NonTarget	1	61456
246.04	n/a	NonTarget	1	61510
246.256	n/a	NonTarget	1	61564
246.472	n/a	NonTarget	1	61618
246.688	n/a	Target	2	61672
246.908	n/a	NonTarget	1	61727
247.124	n/a	NonTarget	1	61781
247.34	n/a	NonTarget	1	61835
247.556	n/a	NonTarget	1	61889
247.772	n/a	NonTarget	1	61943
247.988	n/a	NonTarget	1	61997
248.204	n/a	Target	2	62051
248.424	n/a	NonTarget	1	62106
248.64	n/a	NonTarget	1	62160
248.856	n/a	NonTarget	1	62214
249.072	n/a	Target	2	62268
249.288	n/a	NonTarget	1	62322
249.504	n/a	NonTarget	1	62376
254.356	n/a	NonTarget	1	63589
254.568	n/a	Target	2	63642
254.788	n/a	NonTarget	1	63697
255.004	n/a	NonTarget	1	63751
255.22	n/a	NonTarget	1	63805
255.436	n/a	NonTarget	1	63859
255.652	n/a	NonTarget	1	63913
255.868	n/a	Target	2	63967
256.088	n/a	NonTarget	1	64022
256.304	n/a	NonTarget	1	64076
256.52	n/a	NonTarget	1	64130
256.736	n/a	NonTarget	1	64184
256.952	n/a	Target	2	64238
257.168	n/a	NonTarget	1	64292
257.384	n/a	NonTarget	1	64346
257.604	n/a	NonTarget	1	64401
257.82	n/a	NonTarget	1	64455
258.036	n/a	NonTarget	1	64509
258.252	n/a	Target	2	64563
258.468	n/a	NonTarget	1	64617
258.684	n/a	NonTarget	1	64671
258.9	n/a	NonTarget	1	64725
259.116	n/a	NonTarget	1	64779
259.336	n/a	NonTarget	1	64834
259.552	n/a	NonTarget	1	64888
259.768	n/a	NonTarget	1	64942
259.984	n/a	NonTarget	1	64996
260.2	n/a	Target	2	65050
260.42	n/a	NonTarget	1	65105
260.636	n/a	NonTarget	1	65159
260.852	n/a	NonTarget	1	65213
261.068	n/a	Target	2	65267
261.284	n/a	NonTarget	1	65321
261.5	n/a	NonTarget	1	65375
261.716	n/a	NonTarget	1	65429
261.932	n/a	NonTarget	1	65483
262.152	n/a	NonTarget	1	65538
262.368	n/a	NonTarget	1	65592
262.584	n/a	NonTarget	1	65646
262.8	n/a	NonTarget	1	65700
263.016	n/a	Target	2	65754
263.232	n/a	NonTarget	1	65808
263.452	n/a	NonTarget	1	65863
263.668	n/a	NonTarget	1	65917
263.884	n/a	NonTarget	1	65971
264.1	n/a	Target	2	66025
264.316	n/a	NonTarget	1	66079
264.532	n/a	NonTarget	1	66133
264.748	n/a	NonTarget	1	66187
264.968	n/a	Target	2	66242
265.184	n/a	NonTarget	1	66296
265.4	n/a	NonTarget	1	66350
265.616	n/a	NonTarget	1	66404
265.832	n/a	NonTarget	1	66458
266.048	n/a	NonTarget	1	66512
266.264	n/a	NonTarget	1	66566
266.484	n/a	NonTarget	1	66621
266.7	n/a	NonTarget	1	66675
266.916	n/a	NonTarget	1	66729
267.132	n/a	Target	2	66783
281.296	n/a	NonTarget	1	70324
281.508	n/a	NonTarget	1	70377
281.728	n/a	NonTarget	1	70432
281.944	n/a	Target	2	70486
282.16	n/a	NonTarget	1	70540
282.376	n/a	NonTarget	1	70594
282.592	n/a	NonTarget	1	70648
282.808	n/a	NonTarget	1	70702
283.024	n/a	NonTarget	1	70756
283.244	n/a	NonTarget	1	70811
283.46	n/a	NonTarget	1	70865
283.676	n/a	Target	2	70919
283.892	n/a	NonTarget	1	70973
284.108	n/a	NonTarget	1	71027
284.324	n/a	NonTarget	1	71081
284.54	n/a	Target	2	71135
284.76	n/a	NonTarget	1	71190
284.976	n/a	NonTarget	1	71244
285.192	n/a	NonTarget	1	71298
285.408	n/a	Target	2	71352
285.624	n/a	NonTarget	1	71406
285.84	n/a	NonTarget	1	71460
286.06	n/a	NonTarget	1	71515
286.276	n/a	NonTarget	1	71569
286.492	n/a	NonTarget	1	71623
286.708	n/a	Target	2	71677
286.924	n/a	NonTarget	1	71731
287.14	n/a	NonTarget	1	71785
287.356	n/a	NonTarget	1	71839
287.576	n/a	NonTarget	1	71894
287.792	n/a	Target	2	71948
288.008	n/a	NonTarget	1	72002
288.224	n/a	NonTarget	1	72056
288.44	n/a	NonTarget	1	72110
288.656	n/a	NonTarget	1	72164
288.872	n/a	NonTarget	1	72218
289.088	n/a	NonTarget	1	72272
289.308	n/a	NonTarget	1	72327
289.524	n/a	Target	2	72381
289.74	n/a	NonTarget	1	72435
289.956	n/a	NonTarget	1	72489
290.172	n/a	NonTarget	1	72543
290.388	n/a	NonTarget	1	72597
290.608	n/a	NonTarget	1	72652
290.824	n/a	NonTarget	1	72706
291.04	n/a	NonTarget	1	72760
291.256	n/a	NonTarget	1	72814
291.472	n/a	Target	2	72868
291.688	n/a	NonTarget	1	72922
291.904	n/a	NonTarget	1	72976
292.124	n/a	NonTarget	1	73031
292.34	n/a	Target	2	73085
292.556	n/a	NonTarget	1	73139
292.772	n/a	NonTarget	1	73193
292.988	n/a	Target	2	73247
293.204	n/a	NonTarget	1	73301
293.424	n/a	NonTarget	1	73356
293.64	n/a	NonTarget	1	73410
293.856	n/a	NonTarget	1	73464
294.072	n/a	NonTarget	1	73518
316.148	n/a	NonTarget	1	79037
316.364	n/a	Target	2	79091
316.58	n/a	NonTarget	1	79145
316.796	n/a	NonTarget	1	79199
317.012	n/a	NonTarget	1	79253
317.228	n/a	NonTarget	1	79307
317.448	n/a	NonTarget	1	79362
317.664	n/a	Target	2	79416
317.88	n/a	NonTarget	1	79470
318.096	n/a	NonTarget	1	79524
318.312	n/a	NonTarget	1	79578
318.528	n/a	NonTarget	1	79632
318.744	n/a	Target	2	79686
318.964	n/a	NonTarget	1	79741
319.18	n/a	NonTarget	1	79795
319.396	n/a	NonTarget	1	79849
319.612	n/a	NonTarget	1	79903
319.828	n/a	NonTarget	1	79957
320.044	n/a	Target	2	80011
320.264	n/a	NonTarget	1	80066
320.476	n/a	NonTarget	1	80119
320.696	n/a	NonTarget	1	80174
320.912	n/a	NonTarget	1	80228
321.128	n/a	NonTarget	1	80282
321.344	n/a	NonTarget	1	80336
321.56	n/a	NonTarget	1	80390
321.776	n/a	NonTarget	1	80444
321.996	n/a	Target	2	80499
322.212	n/a	NonTarget	1	80553
322.428	n/a	NonTarget	1	80607
322.644	n/a	NonTarget	1	80661
322.86	n/a	Target	2	80715
323.076	n/a	NonTarget	1	80769
323.296	n/a	NonTarget	1	80824
323.512	n/a	NonTarget	1	80878
323.728	n/a	NonTarget	1	80932
323.944	n/a	NonTarget	1	80986
324.16	n/a	NonTarget	1	81040
324.376	n/a	NonTarget	1	81094
324.592	n/a	NonTarget	1	81148
324.812	n/a	Target	2	81203
325.028	n/a	NonTarget	1	81257
325.244	n/a	NonTarget	1	81311
325.46	n/a	NonTarget	1	81365
325.676	n/a	NonTarget	1	81419
325.892	n/a	Target	2	81473
326.108	n/a	NonTarget	1	81527
326.328	n/a	NonTarget	1	81582
326.544	n/a	NonTarget	1	81636
326.76	n/a	Target	2	81690
326.976	n/a	NonTarget	1	81744
327.192	n/a	NonTarget	1	81798
327.408	n/a	NonTarget	1	81852
327.624	n/a	NonTarget	1	81906
327.844	n/a	NonTarget	1	81961
328.06	n/a	NonTarget	1	82015
328.276	n/a	NonTarget	1	82069
328.492	n/a	NonTarget	1	82123
328.708	n/a	NonTarget	1	82177
328.924	n/a	Target	2	82231
343.188	n/a	NonTarget	1	85797
343.404	n/a	NonTarget	1	85851
343.62	n/a	Target	2	85905
343.836	n/a	NonTarget	1	85959
344.052	n/a	NonTarget	1	86013
344.268	n/a	NonTarget	1	86067
344.488	n/a	NonTarget	1	86122
344.704	n/a	NonTarget	1	86176
344.92	n/a	NonTarget	1	86230
345.136	n/a	Target	2	86284
345.352	n/a	NonTarget	1	86338
345.568	n/a	NonTarget	1	86392
345.784	n/a	NonTarget	1	86446
346.0	n/a	Target	2	86500
346.22	n/a	NonTarget	1	86555
346.436	n/a	NonTarget	1	86609
346.652	n/a	NonTarget	1	86663
346.868	n/a	NonTarget	1	86717
347.084	n/a	NonTarget	1	86771
347.304	n/a	NonTarget	1	86826
347.52	n/a	NonTarget	1	86880
347.736	n/a	NonTarget	1	86934
347.952	n/a	Target	2	86988
348.168	n/a	NonTarget	1	87042
348.384	n/a	NonTarget	1	87096
348.6	n/a	NonTarget	1	87150
348.816	n/a	Target	2	87204
349.032	n/a	NonTarget	1	87258
349.252	n/a	NonTarget	1	87313
349.468	n/a	NonTarget	1	87367
349.684	n/a	NonTarget	1	87421
349.9	n/a	NonTarget	1	87475
350.116	n/a	Target	2	87529
350.332	n/a	NonTarget	1	87583
350.552	n/a	NonTarget	1	87638
350.768	n/a	NonTarget	1	87692
350.984	n/a	Target	2	87746
351.2	n/a	NonTarget	1	87800
351.416	n/a	NonTarget	1	87854
351.632	n/a	NonTarget	1	87908
351.848	n/a	NonTarget	1	87962
352.068	n/a	NonTarget	1	88017
352.284	n/a	NonTarget	1	88071
352.5	n/a	Target	2	88125
352.716	n/a	NonTarget	1	88179
352.932	n/a	NonTarget	1	88233
353.148	n/a	NonTarget	1	88287
353.364	n/a	NonTarget	1	88341
353.584	n/a	NonTarget	1	88396
353.8	n/a	NonTarget	1	88450
354.016	n/a	NonTarget	1	88504
354.232	n/a	NonTarget	1	88558
354.448	n/a	Target	2	88612
354.664	n/a	NonTarget	1	88666
354.88	n/a	NonTarget	1	88720
355.1	n/a	NonTarget	1	88775
355.316	n/a	NonTarget	1	88829
355.532	n/a	NonTarget	1	88883
355.748	n/a	Target	2	88937
355.964	n/a	NonTarget	1	88991
360.764	n/a	NonTarget	1	90191
360.98	n/a	NonTarget	1	90245
361.196	n/a	NonTarget	1	90299
361.412	n/a	NonTarget	1	90353
361.628	n/a	Target	2	90407
361.844	n/a	NonTarget	1	90461
362.064	n/a	NonTarget	1	90516
362.28	n/a	NonTarget	1	90570
362.496	n/a	Target	2	90624
362.712	n/a	NonTarget	1	90678
362.928	n/a	NonTarget	1	90732
363.144	n/a	NonTarget	1	90786
363.364	n/a	NonTarget	1	90841
363.58	n/a	NonTarget	1	90895
363.796	n/a	NonTarget	1	90949
364.012	n/a	NonTarget	1	91003
364.228	n/a	Target	2	91057
364.444	n/a	NonTarget	1	91111
364.66	n/a	NonTarget	1	91165
364.88	n/a	NonTarget	1	91220
365.096	n/a	NonTarget	1	91274
365.312	n/a	NonTarget	1	91328
365.528	n/a	NonTarget	1	91382
365.744	n/a	Target	2	91436
365.96	n/a	NonTarget	1	91490
366.176	n/a	NonTarget	1	91544
366.392	n/a	NonTarget	1	91598
366.612	n/a	NonTarget	1	91653
366.828	n/a	Target	2	91707
367.044	n/a	NonTarget	1	91761
367.26	n/a	NonTarget	1	91815
367.476	n/a	NonTarget	1	91869
367.692	n/a	NonTarget	1	91923
367.912	n/a	Target	2	91978
368.128	n/a	NonTarget	1	92032
368.344	n/a	NonTarget	1	92086
368.56	n/a	NonTarget	1	92140
368.776	n/a	Target	2	92194
368.992	n/a	NonTarget	1	92248
369.208	n/a	NonTarget	1	92302
369.428	n/a	NonTarget	1	92357
369.644	n/a	NonTarget	1	92411
369.86	n/a	Target	2	92465
370.076	n/a	NonTarget	1	92519
370.292	n/a	NonTarget	1	92573
370.508	n/a	NonTarget	1	92627
370.728	n/a	NonTarget	1	92682
370.944	n/a	NonTarget	1	92736
371.16	n/a	Target	2	92790
371.376	n/a	NonTarget	1	92844
371.592	n/a	NonTarget	1	92898
371.808	n/a	NonTarget	1	92952
372.024	n/a	NonTarget	1	93006
372.24	n/a	NonTarget	1	93060
372.46	n/a	NonTarget	1	93115
372.676	n/a	NonTarget	1	93169
372.892	n/a	Target	2	93223
373.108	n/a	NonTarget	1	93277
373.324	n/a	NonTarget	1	93331
373.54	n/a	NonTarget	1	93385
387.772	n/a	NonTarget	1	96943
387.988	n/a	NonTarget	1	96997
388.204	n/a	NonTarget	1	97051
388.42	n/a	NonTarget	1	97105
388.636	n/a	Target	2	97159
388.852	n/a	NonTarget	1	97213
389.068	n/a	NonTarget	1	97267
389.284	n/a	NonTarget	1	97321
389.504	n/a	Target	2	97376
389.736	n/a	NonTarget	1	97434
389.952	n/a	NonTarget	1	97488
390.168	n/a	NonTarget	1	97542
390.384	n/a	NonTarget	1	97596
390.6	n/a	NonTarget	1	97650
390.82	n/a	NonTarget	1	97705
391.036	n/a	NonTarget	1	97759
391.252	n/a	Target	2	97813
391.468	n/a	NonTarget	1	97867
391.684	n/a	NonTarget	1	97921
391.9	n/a	NonTarget	1	97975
392.12	n/a	NonTarget	1	98030
392.336	n/a	NonTarget	1	98084
392.552	n/a	NonTarget	1	98138
392.768	n/a	Target	2	98192
392.984	n/a	NonTarget	1	98246
393.2	n/a	NonTarget	1	98300
393.416	n/a	NonTarget	1	98354
393.636	n/a	NonTarget	1	98409
393.852	n/a	Target	2	98463
394.068	n/a	NonTarget	1	98517
394.284	n/a	NonTarget	1	98571
394.5	n/a	NonTarget	1	98625
394.716	n/a	NonTarget	1	98679
394.932	n/a	Target	2	98733
395.148	n/a	NonTarget	1	98787
395.368	n/a	NonTarget	1	98842
395.584	n/a	NonTarget	1	98896
395.8	n/a	Target	2	98950
396.016	n/a	NonTarget	1	99004
396.232	n/a	NonTarget	1	99058
396.448	n/a	NonTarget	1	99112
396.664	n/a	NonTarget	1	99166
396.884	n/a	Target	2	99221
397.1	n/a	NonTarget	1	99275
397.316	n/a	NonTarget	1	99329
397.532	n/a	NonTarget	1	99383
397.748	n/a	NonTarget	1	99437
397.964	n/a	NonTarget	1	99491
398.184	n/a	Target	2	99546
398.4	n/a	NonTarget	1	99600
398.616	n/a	NonTarget	1	99654
398.832	n/a	NonTarget	1	99708
399.048	n/a	NonTarget	1	99762
399.264	n/a	NonTarget	1	99816
399.48	n/a	NonTarget	1	99870
399.7	n/a	NonTarget	1	99925
399.916	n/a	Target	2	99979
400.132	n/a	NonTarget	1	100033
400.348	n/a	NonTarget	1	100087
400.564	n/a	NonTarget	1	100141
405.384	n/a	NonTarget	1	101346
405.596	n/a	NonTarget	1	101399
405.812	n/a	NonTarget	1	101453
406.028	n/a	NonTarget	1	101507
406.244	n/a	Target	2	101561
406.464	n/a	NonTarget	1	101616
406.68	n/a	NonTarget	1	101670
406.896	n/a	NonTarget	1	101724
407.112	n/a	Target	2	101778
407.328	n/a	NonTarget	1	101832
407.544	n/a	NonTarget	1	101886
407.76	n/a	NonTarget	1	101940
407.98	n/a	NonTarget	1	101995
408.196	n/a	NonTarget	1	102049
408.412	n/a	NonTarget	1	102103
408.628	n/a	NonTarget	1	102157
408.844	n/a	Target	2	102211
409.06	n/a	NonTarget	1	102265
409.28	n/a	NonTarget	1	102320
409.496	n/a	NonTarget	1	102374
409.712	n/a	NonTarget	1	102428
409.928	n/a	NonTarget	1	102482
410.144	n/a	NonTarget	1	102536
410.36	n/a	Target	2	102590
410.576	n/a	NonTarget	1	102644
410.796	n/a	NonTarget	1	102699
411.012	n/a	NonTarget	1	102753
411.228	n/a	NonTarget	1	102807
411.444	n/a	Target	2	102861
411.66	n/a	NonTarget	1	102915
411.876	n/a	NonTarget	1	102969
412.092	n/a	NonTarget	1	103023
412.312	n/a	NonTarget	1	103078
412.528	n/a	Target	2	103132
412.744	n/a	NonTarget	1	103186
412.96	n/a	NonTarget	1	103240
413.176	n/a	NonTarget	1	103294
413.392	n/a	Target	2	103348
413.608	n/a	NonTarget	1	103402
413.828	n/a	NonTarget	1	103457
414.044	n/a	NonTarget	1	103511
414.26	n/a	NonTarget	1	103565
414.476	n/a	Target	2	103619
414.692	n/a	NonTarget	1	103673
414.908	n/a	NonTarget	1	103727
415.124	n/a	NonTarget	1	103781
415.344	n/a	NonTarget	1	103836
415.56	n/a	NonTarget	1	103890
415.776	n/a	Target	2	103944
415.992	n/a	NonTarget	1	103998
416.208	n/a	NonTarget	1	104052
416.424	n/a	NonTarget	1	104106
416.64	n/a	NonTarget	1	104160
416.856	n/a	NonTarget	1	104214
417.076	n/a	NonTarget	1	104269
417.292	n/a	NonTarget	1	104323
417.508	n/a	Target	2	104377
417.724	n/a	NonTarget	1	104431
417.94	n/a	NonTarget	1	104485
418.156	n/a	NonTarget	1	104539
432.34	n/a	NonTarget	1	108085
432.552	n/a	NonTarget	1	108138
432.768	n/a	NonTarget	1	108192
432.984	n/a	Target	2	108246
433.204	n/a	NonTarget	1	108301
433.42	n/a	NonTarget	1	108355
433.636	n/a	NonTarget	1	108409
433.852	n/a	NonTarget	1	108463
434.068	n/a	NonTarget	1	108517
434.284	n/a	NonTarget	1	108571
434.5	n/a	NonTarget	1	108625
434.72	n/a	Target	2	108680
434.936	n/a	NonTarget	1	108734
435.152	n/a	NonTarget	1	108788
435.368	n/a	NonTarget	1	108842
435.584	n/a	Target	2	108896
435.8	n/a	NonTarget	1	108950
436.02	n/a	NonTarget	1	109005
436.236	n/a	NonTarget	1	109059
436.452	n/a	Target	2	109113
436.668	n/a	NonTarget	1	109167
436.884	n/a	NonTarget	1	109221
437.1	n/a	NonTarget	1	109275
437.316	n/a	NonTarget	1	109329
437.536	n/a	NonTarget	1	109384
437.752	n/a	Target	2	109438
437.968	n/a	NonTarget	1	109492
438.184	n/a	NonTarget	1	109546
438.4	n/a	NonTarget	1	109600
438.616	n/a	NonTarget	1	109654
438.832	n/a	Target	2	109708
439.052	n/a	NonTarget	1	109763
439.268	n/a	NonTarget	1	109817
439.484	n/a	NonTarget	1	109871
439.7	n/a	NonTarget	1	109925
439.916	n/a	NonTarget	1	109979
440.132	n/a	NonTarget	1	110033
440.352	n/a	NonTarget	1	110088
440.568	n/a	Target	2	110142
440.784	n/a	NonTarget	1	110196
441.0	n/a	NonTarget	1	110250
441.216	n/a	NonTarget	1	110304
441.432	n/a	NonTarget	1	110358
441.648	n/a	NonTarget	1	110412
441.864	n/a	NonTarget	1	110466
442.084	n/a	NonTarget	1	110521
442.3	n/a	NonTarget	1	110575
442.516	n/a	Target	2	110629
442.732	n/a	NonTarget	1	110683
442.948	n/a	NonTarget	1	110737
443.164	n/a	NonTarget	1	110791
443.38	n/a	Target	2	110845
443.596	n/a	NonTarget	1	110899
443.816	n/a	NonTarget	1	110954
444.032	n/a	Target	2	111008
444.248	n/a	NonTarget	1	111062
444.464	n/a	NonTarget	1	111116
444.68	n/a	NonTarget	1	111170
444.896	n/a	NonTarget	1	111224
445.116	n/a	NonTarget	1	111279
449.932	n/a	NonTarget	1	112483
450.148	n/a	NonTarget	1	112537
450.364	n/a	NonTarget	1	112591
450.58	n/a	NonTarget	1	112645
450.796	n/a	NonTarget	1	112699
451.012	n/a	Target	2	112753
451.228	n/a	NonTarget	1	112807
451.444	n/a	NonTarget	1	112861
451.664	n/a	NonTarget	1	112916
451.88	n/a	NonTarget	1	112970
452.096	n/a	Target	2	113024
452.312	n/a	NonTarget	1	113078
452.528	n/a	NonTarget	1	113132
452.744	n/a	NonTarget	1	113186
452.96	n/a	Target	2	113240
453.18	n/a	NonTarget	1	113295
453.396	n/a	NonTarget	1	113349
453.612	n/a	NonTarget	1	113403
453.828	n/a	NonTarget	1	113457
454.044	n/a	NonTarget	1	113511
454.26	n/a	Target	2	113565
454.48	n/a	NonTarget	1	113620
454.696	n/a	NonTarget	1	113674
454.912	n/a	NonTarget	1	113728
455.128	n/a	NonTarget	1	113782
455.344	n/a	NonTarget	1	113836
455.56	n/a	NonTarget	1	113890
455.776	n/a	NonTarget	1	113944
455.992	n/a	NonTarget	1	113998
456.212	n/a	Target	2	114053
456.428	n/a	NonTarget	1	114107
456.644	n/a	NonTarget	1	114161
456.86	n/a	NonTarget	1	114215
457.076	n/a	NonTarget	1	114269
457.292	n/a	Target	2	114323
457.508	n/a	NonTarget	1	114377
457.724	n/a	NonTarget	1	114431
457.944	n/a	NonTarget	1	114486
458.16	n/a	NonTarget	1	114540
458.376	n/a	Target	2	114594
458.592	n/a	NonTarget	1	114648
458.808	n/a	NonTarget	1	114702
459.024	n/a	NonTarget	1	114756
459.244	n/a	NonTarget	1	114811
459.46	n/a	Target	2	114865
459.676	n/a	NonTarget	1	114919
459.892	n/a	NonTarget	1	114973
460.108	n/a	NonTarget	1	115027
460.324	n/a	NonTarget	1	115081
460.544	n/a	NonTarget	1	115136
460.76	n/a	Target	2	115190
460.976	n/a	NonTarget	1	115244
461.192	n/a	NonTarget	1	115298
461.408	n/a	NonTarget	1	115352
461.624	n/a	NonTarget	1	115406
461.84	n/a	Target	2	115460
462.06	n/a	NonTarget	1	115515
462.276	n/a	NonTarget	1	115569
462.492	n/a	NonTarget	1	115623
462.708	n/a	NonTarget	1	115677
476.856	n/a	Target	2	119214
477.068	n/a	NonTarget	1	119267
477.284	n/a	NonTarget	1	119321
477.504	n/a	NonTarget	1	119376
477.72	n/a	NonTarget	1	119430
477.936	n/a	NonTarget	1	119484
478.152	n/a	Target	2	119538
478.368	n/a	NonTarget	1	119592
478.584	n/a	NonTarget	1	119646
478.8	n/a	NonTarget	1	119700
479.02	n/a	NonTarget	1	119755
479.236	n/a	NonTarget	1	119809
479.452	n/a	NonTarget	1	119863
479.668	n/a	NonTarget	1	119917
479.884	n/a	NonTarget	1	119971
480.1	n/a	NonTarget	1	120025
480.316	n/a	NonTarget	1	120079
480.536	n/a	Target	2	120134
480.752	n/a	NonTarget	1	120188
480.968	n/a	NonTarget	1	120242
481.184	n/a	NonTarget	1	120296
481.4	n/a	Target	2	120350
481.616	n/a	NonTarget	1	120404
481.836	n/a	NonTarget	1	120459
482.052	n/a	Target	2	120513
482.268	n/a	NonTarget	1	120567
482.484	n/a	NonTarget	1	120621
482.7	n/a	NonTarget	1	120675
482.916	n/a	NonTarget	1	120729
483.132	n/a	NonTarget	1	120783
483.352	n/a	NonTarget	1	120838
483.568	n/a	NonTarget	1	120892
483.784	n/a	NonTarget	1	120946
484.0	n/a	NonTarget	1	121000
484.216	n/a	NonTarget	1	121054
484.432	n/a	Target	2	121108
484.648	n/a	NonTarget	1	121162
484.868	n/a	NonTarget	1	121217
485.084	n/a	NonTarget	1	121271
485.3	n/a	NonTarget	1	121325
485.516	n/a	NonTarget	1	121379
485.732	n/a	Target	2	121433
485.948	n/a	NonTarget	1	121487
486.164	n/a	NonTarget	1	121541
486.384	n/a	NonTarget	1	121596
486.6	n/a	NonTarget	1	121650
486.816	n/a	Target	2	121704
487.032	n/a	NonTarget	1	121758
487.248	n/a	NonTarget	1	121812
487.464	n/a	NonTarget	1	121866
487.68	n/a	NonTarget	1	121920
487.9	n/a	NonTarget	1	121975
488.116	n/a	NonTarget	1	122029
488.332	n/a	Target	2	122083
488.548	n/a	NonTarget	1	122137
488.764	n/a	NonTarget	1	122191
488.98	n/a	NonTarget	1	122245
489.196	n/a	Target	2	122299
489.416	n/a	NonTarget	1	122354
489.632	n/a	NonTarget	1	122408
494.364	n/a	NonTarget	1	123591
494.58	n/a	NonTarget	1	123645
494.796	n/a	NonTarget	1	123699
495.012	n/a	NonTarget	1	123753
495.228	n/a	Target	2	123807
495.444	n/a	NonTarget	1	123861
495.664	n/a	NonTarget	1	123916
495.88	n/a	NonTarget	1	123970
496.096	n/a	Target	2	124024
496.312	n/a	NonTarget	1	124078
496.528	n/a	NonTarget	1	124132
496.744	n/a	NonTarget	1	124186
496.96	n/a	NonTarget	1	124240
497.18	n/a	NonTarget	1	124295
497.412	n/a	NonTarget	1	124353
497.628	n/a	NonTarget	1	124407
497.844	n/a	Target	2	124461
498.06	n/a	NonTarget	1	124515
498.276	n/a	NonTarget	1	124569
498.496	n/a	NonTarget	1	124624
498.712	n/a	NonTarget	1	124678
498.928	n/a	NonTarget	1	124732
499.144	n/a	NonTarget	1	124786
499.36	n/a	Target	2	124840
499.576	n/a	NonTarget	1	124894
499.796	n/a	NonTarget	1	124949
500.012	n/a	NonTarget	1	125003
500.228	n/a	NonTarget	1	125057
500.444	n/a	Target	2	125111
500.66	n/a	NonTarget	1	125165
500.876	n/a	NonTarget	1	125219
501.092	n/a	NonTarget	1	125273
501.308	n/a	NonTarget	1	125327
501.528	n/a	Target	2	125382
501.744	n/a	NonTarget	1	125436
501.96	n/a	NonTarget	1	125490
502.176	n/a	NonTarget	1	125544
502.392	n/a	Target	2	125598
502.608	n/a	NonTarget	1	125652
502.828	n/a	NonTarget	1	125707
503.044	n/a	NonTarget	1	125761
503.26	n/a	NonTarget	1	125815
503.476	n/a	Target	2	125869
503.692	n/a	NonTarget	1	125923
503.908	n/a	NonTarget	1	125977
504.124	n/a	NonTarget	1	126031
504.344	n/a	NonTarget	1	126086
504.56	n/a	NonTarget	1	126140
504.776	n/a	Target	2	126194
504.992	n/a	NonTarget	1	126248
505.208	n/a	NonTarget	1	126302
505.424	n/a	NonTarget	1	126356
505.64	n/a	NonTarget	1	126410
505.86	n/a	NonTarget	1	126465
506.076	n/a	NonTarget	1	126519
506.292	n/a	NonTarget	1	126573
506.508	n/a	Target	2	126627
506.724	n/a	NonTarget	1	126681
506.94	n/a	NonTarget	1	126735
507.156	n/a	NonTarget	1	126789
521.236	n/a	Target	2	130309
521.452	n/a	NonTarget	1	130363
521.668	n/a	NonTarget	1	130417
521.884	n/a	NonTarget	1	130471
522.104	n/a	NonTarget	1	130526
522.32	n/a	NonTarget	1	130580
522.536	n/a	Target	2	130634
522.752	n/a	NonTarget	1	130688
522.968	n/a	NonTarget	1	130742
523.184	n/a	NonTarget	1	130796
523.4	n/a	NonTarget	1	130850
523.62	n/a	NonTarget	1	130905
523.836	n/a	NonTarget	1	130959
524.052	n/a	NonTarget	1	131013
524.268	n/a	NonTarget	1	131067
524.484	n/a	NonTarget	1	131121
524.7	n/a	NonTarget	1	131175
524.916	n/a	Target	2	131229
525.132	n/a	NonTarget	1	131283
525.352	n/a	NonTarget	1	131338
525.568	n/a	NonTarget	1	131392
525.784	n/a	Target	2	131446
526.0	n/a	NonTarget	1	131500
526.216	n/a	NonTarget	1	131554
526.432	n/a	Target	2	131608
526.652	n/a	NonTarget	1	131663
526.868	n/a	NonTarget	1	131717
527.084	n/a	NonTarget	1	131771
527.3	n/a	NonTarget	1	131825
527.516	n/a	NonTarget	1	131879
527.732	n/a	NonTarget	1	131933
527.948	n/a	NonTarget	1	131987
528.168	n/a	NonTarget	1	132042
528.384	n/a	NonTarget	1	132096
528.6	n/a	NonTarget	1	132150
528.816	n/a	Target	2	132204
529.032	n/a	NonTarget	1	132258
529.248	n/a	NonTarget	1	132312
529.464	n/a	NonTarget	1	132366
529.684	n/a	NonTarget	1	132421
529.9	n/a	NonTarget	1	132475
530.116	n/a	Target	2	132529
530.332	n/a	NonTarget	1	132583
530.548	n/a	NonTarget	1	132637
530.764	n/a	NonTarget	1	132691
530.984	n/a	NonTarget	1	132746
531.2	n/a	Target	2	132800
531.416	n/a	NonTarget	1	132854
531.632	n/a	NonTarget	1	132908
531.848	n/a	NonTarget	1	132962
532.064	n/a	NonTarget	1	133016
532.28	n/a	NonTarget	1	133070
532.5	n/a	NonTarget	1	133125
532.716	n/a	Target	2	133179
532.932	n/a	NonTarget	1	133233
533.148	n/a	NonTarget	1	133287
533.364	n/a	NonTarget	1	133341
533.58	n/a	Target	2	133395
533.796	n/a	NonTarget	1	133449
534.016	n/a	NonTarget	1	133504
538.8	n/a	NonTarget	1	134700
539.012	n/a	Target	2	134753
539.228	n/a	NonTarget	1	134807
539.444	n/a	NonTarget	1	134861
539.664	n/a	NonTarget	1	134916
539.88	n/a	NonTarget	1	134970
540.096	n/a	NonTarget	1	135024
540.312	n/a	Target	2	135078
540.528	n/a	NonTarget	1	135132
540.744	n/a	NonTarget	1	135186
540.96	n/a	NonTarget	1	135240
541.18	n/a	NonTarget	1	135295
541.396	n/a	Target	2	135349
541.612	n/a	NonTarget	1	135403
541.828	n/a	NonTarget	1	135457
542.044	n/a	NonTarget	1	135511
542.26	n/a	NonTarget	1	135565
542.476	n/a	NonTarget	1	135619
542.696	n/a	Target	2	135674
542.912	n/a	NonTarget	1	135728
543.128	n/a	NonTarget	1	135782
543.344	n/a	NonTarget	1	135836
543.56	n/a	NonTarget	1	135890
543.776	n/a	NonTarget	1	135944
543.992	n/a	NonTarget	1	135998
544.212	n/a	NonTarget	1	136053
544.428	n/a	NonTarget	1	136107
544.644	n/a	Target	2	136161
544.86	n/a	NonTarget	1	136215
545.076	n/a	NonTarget	1	136269
545.292	n/a	NonTarget	1	136323
545.508	n/a	Target	2	136377
545.728	n/a	NonTarget	1	136432
545.944	n/a	NonTarget	1	136486
546.16	n/a	NonTarget	1	136540
546.376	n/a	NonTarget	1	136594
546.592	n/a	NonTarget	1	136648
546.808	n/a	NonTarget	1	136702
547.024	n/a	NonTarget	1	136756
547.244	n/a	NonTarget	1	136811
547.46	n/a	Target	2	136865
547.676	n/a	NonTarget	1	136919
547.892	n/a	NonTarget	1	136973
548.108	n/a	NonTarget	1	137027
548.324	n/a	NonTarget	1	137081
548.544	n/a	Target	2	137136
548.76	n/a	NonTarget	1	137190
548.976	n/a	NonTarget	1	137244
549.192	n/a	NonTarget	1	137298
549.408	n/a	Target	2	137352
549.624	n/a	NonTarget	1	137406
549.84	n/a	NonTarget	1	137460
550.06	n/a	NonTarget	1	137515
550.276	n/a	NonTarget	1	137569
550.492	n/a	NonTarget	1	137623
550.708	n/a	NonTarget	1	137677
550.924	n/a	NonTarget	1	137731
551.14	n/a	NonTarget	1	137785
551.356	n/a	NonTarget	1	137839
551.576	n/a	Target	2	137894
565.72	n/a	NonTarget	1	141430
565.936	n/a	Target	2	141484
566.168	n/a	NonTarget	1	141542
566.384	n/a	NonTarget	1	141596
566.6	n/a	NonTarget	1	141650
566.82	n/a	NonTarget	1	141705
567.036	n/a	NonTarget	1	141759
567.252	n/a	Target	2	141813
567.468	n/a	NonTarget	1	141867
567.684	n/a	NonTarget	1	141921
567.9	n/a	NonTarget	1	141975
568.116	n/a	NonTarget	1	142029
568.336	n/a	Target	2	142084
568.552	n/a	NonTarget	1	142138
568.768	n/a	NonTarget	1	142192
568.984	n/a	NonTarget	1	142246
569.2	n/a	NonTarget	1	142300
569.416	n/a	NonTarget	1	142354
569.636	n/a	Target	2	142409
569.852	n/a	NonTarget	1	142463
570.068	n/a	NonTarget	1	142517
570.284	n/a	NonTarget	1	142571
570.5	n/a	NonTarget	1	142625
570.716	n/a	NonTarget	1	142679
570.932	n/a	NonTarget	1	142733
571.168	n/a	NonTarget	1	142792
571.384	n/a	NonTarget	1	142846
571.6	n/a	Target	2	142900
571.816	n/a	NonTarget	1	142954
572.032	n/a	NonTarget	1	143008
572.248	n/a	NonTarget	1	143062
572.468	n/a	Target	2	143117
572.684	n/a	NonTarget	1	143171
572.9	n/a	NonTarget	1	143225
573.116	n/a	NonTarget	1	143279
573.332	n/a	NonTarget	1	143333
573.548	n/a	NonTarget	1	143387
573.764	n/a	NonTarget	1	143441
573.984	n/a	NonTarget	1	143496
574.2	n/a	NonTarget	1	143550
574.416	n/a	Target	2	143604
574.632	n/a	NonTarget	1	143658
574.848	n/a	NonTarget	1	143712
575.064	n/a	NonTarget	1	143766
575.284	n/a	NonTarget	1	143821
575.496	n/a	Target	2	143874
575.716	n/a	NonTarget	1	143929
575.932	n/a	NonTarget	1	143983
576.148	n/a	NonTarget	1	144037
576.364	n/a	Target	2	144091
576.58	n/a	NonTarget	1	144145
576.796	n/a	NonTarget	1	144199
577.016	n/a	NonTarget	1	144254
577.232	n/a	NonTarget	1	144308
577.448	n/a	NonTarget	1	144362
577.664	n/a	NonTarget	1	144416
577.88	n/a	NonTarget	1	144470
578.1	n/a	NonTarget	1	144525
578.316	n/a	NonTarget	1	144579
578.532	n/a	Target	2	144633
583.364	n/a	NonTarget	1	145841
583.58	n/a	NonTarget	1	145895
583.796	n/a	NonTarget	1	145949
584.012	n/a	NonTarget	1	146003
584.228	n/a	Target	2	146057
584.444	n/a	NonTarget	1	146111
584.66	n/a	NonTarget	1	146165
584.88	n/a	NonTarget	1	146220
585.096	n/a	Target	2	146274
585.312	n/a	NonTarget	1	146328
585.528	n/a	NonTarget	1	146382
585.744	n/a	NonTarget	1	146436
585.96	n/a	NonTarget	1	146490
586.176	n/a	NonTarget	1	146544
586.396	n/a	NonTarget	1	146599
586.612	n/a	NonTarget	1	146653
586.828	n/a	Target	2	146707
587.044	n/a	NonTarget	1	146761
587.26	n/a	NonTarget	1	146815
587.476	n/a	NonTarget	1	146869
587.692	n/a	NonTarget	1	146923
587.912	n/a	NonTarget	1	146978
588.128	n/a	NonTarget	1	147032
588.344	n/a	Target	2	147086
588.56	n/a	NonTarget	1	147140
588.776	n/a	NonTarget	1	147194
589.012	n/a	NonTarget	1	147253
589.228	n/a	NonTarget	1	147307
589.444	n/a	Target	2	147361
589.66	n/a	NonTarget	1	147415
589.876	n/a	NonTarget	1	147469
590.092	n/a	NonTarget	1	147523
590.308	n/a	NonTarget	1	147577
590.528	n/a	Target	2	147632
590.744	n/a	NonTarget	1	147686
590.96	n/a	NonTarget	1	147740
591.176	n/a	NonTarget	1	147794
591.392	n/a	Target	2	147848
591.608	n/a	NonTarget	1	147902
591.824	n/a	NonTarget	1	147956
592.04	n/a	NonTarget	1	148010
592.26	n/a	NonTarget	1	148065
592.476	n/a	Target	2	148119
592.692	n/a	NonTarget	1	148173
592.908	n/a	NonTarget	1	148227
593.124	n/a	NonTarget	1	148281
593.34	n/a	NonTarget	1	148335
593.56	n/a	NonTarget	1	148390
593.776	n/a	Target	2	148444
593.992	n/a	NonTarget	1	148498
594.208	n/a	NonTarget	1	148552
594.424	n/a	NonTarget	1	148606
594.64	n/a	NonTarget	1	148660
594.856	n/a	NonTarget	1	148714
595.076	n/a	NonTarget	1	148769
595.292	n/a	NonTarget	1	148823
595.508	n/a	Target	2	148877
595.724	n/a	NonTarget	1	148931
595.94	n/a	NonTarget	1	148985
596.156	n/a	NonTarget	1	149039
610.204	n/a	NonTarget	1	152551
610.42	n/a	Target	2	152605
610.636	n/a	NonTarget	1	152659
610.852	n/a	NonTarget	1	152713
611.068	n/a	NonTarget	1	152767
611.284	n/a	NonTarget	1	152821
611.5	n/a	NonTarget	1	152875
611.716	n/a	Target	2	152929
611.936	n/a	NonTarget	1	152984
612.152	n/a	NonTarget	1	153038
612.368	n/a	NonTarget	1	153092
612.584	n/a	NonTarget	1	153146
612.8	n/a	Target	2	153200
613.016	n/a	NonTarget	1	153254
613.232	n/a	NonTarget	1	153308
613.452	n/a	NonTarget	1	153363
613.668	n/a	NonTarget	1	153417
613.884	n/a	NonTarget	1	153471
614.1	n/a	Target	2	153525
614.316	n/a	NonTarget	1	153579
614.532	n/a	NonTarget	1	153633
614.752	n/a	NonTarget	1	153688
614.968	n/a	NonTarget	1	153742
615.184	n/a	NonTarget	1	153796
615.4	n/a	NonTarget	1	153850
615.616	n/a	NonTarget	1	153904
615.832	n/a	NonTarget	1	153958
616.048	n/a	Target	2	154012
616.264	n/a	NonTarget	1	154066
616.484	n/a	NonTarget	1	154121
616.7	n/a	NonTarget	1	154175
616.916	n/a	Target	2	154229
617.132	n/a	NonTarget	1	154283
617.348	n/a	NonTarget	1	154337
617.568	n/a	NonTarget	1	154392
617.784	n/a	NonTarget	1	154446
618.0	n/a	NonTarget	1	154500
618.216	n/a	NonTarget	1	154554
618.432	n/a	NonTarget	1	154608
618.648	n/a	NonTarget	1	154662
618.864	n/a	Target	2	154716
619.084	n/a	NonTarget	1	154771
619.3	n/a	NonTarget	1	154825
619.516	n/a	NonTarget	1	154879
619.732	n/a	NonTarget	1	154933
619.948	n/a	Target	2	154987
620.164	n/a	NonTarget	1	155041
620.38	n/a	NonTarget	1	155095
620.6	n/a	NonTarget	1	155150
620.816	n/a	Target	2	155204
621.032	n/a	NonTarget	1	155258
621.248	n/a	NonTarget	1	155312
621.464	n/a	NonTarget	1	155366
621.68	n/a	NonTarget	1	155420
621.896	n/a	NonTarget	1	155474
622.112	n/a	NonTarget	1	155528
622.332	n/a	NonTarget	1	155583
622.548	n/a	NonTarget	1	155637
622.764	n/a	NonTarget	1	155691
622.98	n/a	Target	2	155745
627.98	n/a	NonTarget	1	156995
628.196	n/a	NonTarget	1	157049
628.412	n/a	Target	2	157103
628.628	n/a	NonTarget	1	157157
628.844	n/a	NonTarget	1	157211
629.06	n/a	NonTarget	1	157265
629.28	n/a	NonTarget	1	157320
629.496	n/a	NonTarget	1	157374
629.712	n/a	NonTarget	1	157428
629.928	n/a	Target	2	157482
630.144	n/a	NonTarget	1	157536
630.36	n/a	NonTarget	1	157590
630.576	n/a	NonTarget	1	157644
630.796	n/a	Target	2	157699
631.012	n/a	NonTarget	1	157753
631.228	n/a	NonTarget	1	157807
631.444	n/a	NonTarget	1	157861
631.66	n/a	NonTarget	1	157915
631.876	n/a	NonTarget	1	157969
632.092	n/a	NonTarget	1	158023
632.308	n/a	NonTarget	1	158077
632.528	n/a	NonTarget	1	158132
632.744	n/a	Target	2	158186
632.96	n/a	NonTarget	1	158240
633.176	n/a	NonTarget	1	158294
633.392	n/a	NonTarget	1	158348
633.608	n/a	Target	2	158402
633.828	n/a	NonTarget	1	158457
634.044	n/a	NonTarget	1	158511
634.26	n/a	NonTarget	1	158565
634.476	n/a	NonTarget	1	158619
634.692	n/a	NonTarget	1	158673
634.908	n/a	Target	2	158727
635.124	n/a	NonTarget	1	158781
635.344	n/a	NonTarget	1	158836
635.56	n/a	NonTarget	1	158890
635.776	n/a	Target	2	158944
635.992	n/a	NonTarget	1	158998
636.208	n/a	NonTarget	1	159052
636.424	n/a	NonTarget	1	159106
636.64	n/a	NonTarget	1	159160
636.86	n/a	NonTarget	1	159215
637.076	n/a	NonTarget	1	159269
637.292	n/a	Target	2	159323
637.508	n/a	NonTarget	1	159377
637.724	n/a	NonTarget	1	159431
637.94	n/a	NonTarget	1	159485
638.156	n/a	NonTarget	1	159539
638.376	n/a	NonTarget	1	159594
638.592	n/a	NonTarget	1	159648
638.808	n/a	NonTarget	1	159702
639.024	n/a	NonTarget	1	159756
639.24	n/a	Target	2	159810
639.456	n/a	NonTarget	1	159864
639.676	n/a	NonTarget	1	159919
639.892	n/a	NonTarget	1	159973
640.108	n/a	NonTarget	1	160027
640.324	n/a	NonTarget	1	160081
640.54	n/a	Target	2	160135
640.756	n/a	NonTarget	1	160189
654.888	n/a	NonTarget	1	163722
655.1	n/a	NonTarget	1	163775
655.32	n/a	NonTarget	1	163830
655.536	n/a	NonTarget	1	163884
655.752	n/a	NonTarget	1	163938
655.968	n/a	Target	2	163992
656.184	n/a	NonTarget	1	164046
656.4	n/a	NonTarget	1	164100
656.616	n/a	NonTarget	1	164154
656.836	n/a	NonTarget	1	164209
657.052	n/a	Target	2	164263
657.268	n/a	NonTarget	1	164317
657.484	n/a	NonTarget	1	164371
657.7	n/a	NonTarget	1	164425
657.916	n/a	Target	2	164479
658.132	n/a	NonTarget	1	164533
658.352	n/a	NonTarget	1	164588
658.568	n/a	NonTarget	1	164642
658.784	n/a	NonTarget	1	164696
659.0	n/a	NonTarget	1	164750
659.216	n/a	Target	2	164804
659.432	n/a	NonTarget	1	164858
659.648	n/a	NonTarget	1	164912
659.868	n/a	NonTarget	1	164967
660.084	n/a	NonTarget	1	165021
660.3	n/a	NonTarget	1	165075
660.516	n/a	NonTarget	1	165129
660.732	n/a	NonTarget	1	165183
660.948	n/a	NonTarget	1	165237
661.168	n/a	Target	2	165292
661.384	n/a	NonTarget	1	165346
661.6	n/a	NonTarget	1	165400
661.816	n/a	NonTarget	1	165454
662.032	n/a	NonTarget	1	165508
662.248	n/a	Target	2	165562
662.464	n/a	NonTarget	1	165616
662.684	n/a	NonTarget	1	165671
662.9	n/a	NonTarget	1	165725
663.116	n/a	NonTarget	1	165779
663.332	n/a	Target	2	165833
663.548	n/a	NonTarget	1	165887
663.764	n/a	NonTarget	1	165941
663.98	n/a	NonTarget	1	165995
664.196	n/a	NonTarget	1	166049
664.416	n/a	Target	2	166104
664.632	n/a	NonTarget	1	166158
664.848	n/a	NonTarget	1	166212
665.064	n/a	NonTarget	1	166266
665.28	n/a	NonTarget	1	166320
665.496	n/a	NonTarget	1	166374
665.716	n/a	Target	2	166429
665.932	n/a	NonTarget	1	166483
666.148	n/a	NonTarget	1	166537
666.364	n/a	NonTarget	1	166591
666.596	n/a	NonTarget	1	166649
666.816	n/a	Target	2	166704
667.032	n/a	NonTarget	1	166758
667.248	n/a	NonTarget	1	166812
667.464	n/a	NonTarget	1	166866
667.68	n/a	NonTarget	1	166920
672.432	n/a	NonTarget	1	168108
672.644	n/a	NonTarget	1	168161
672.86	n/a	Target	2	168215
673.076	n/a	NonTarget	1	168269
673.296	n/a	NonTarget	1	168324
673.512	n/a	NonTarget	1	168378
673.728	n/a	NonTarget	1	168432
673.944	n/a	NonTarget	1	168486
674.16	n/a	NonTarget	1	168540
674.376	n/a	Target	2	168594
674.596	n/a	NonTarget	1	168649
674.812	n/a	NonTarget	1	168703
675.028	n/a	NonTarget	1	168757
675.244	n/a	Target	2	168811
675.46	n/a	NonTarget	1	168865
675.676	n/a	NonTarget	1	168919
675.892	n/a	NonTarget	1	168973
676.108	n/a	NonTarget	1	169027
676.328	n/a	NonTarget	1	169082
676.544	n/a	NonTarget	1	169136
676.76	n/a	NonTarget	1	169190
676.976	n/a	NonTarget	1	169244
677.192	n/a	Target	2	169298
677.408	n/a	NonTarget	1	169352
677.628	n/a	NonTarget	1	169407
677.844	n/a	NonTarget	1	169461
678.06	n/a	Target	2	169515
678.276	n/a	NonTarget	1	169569
678.492	n/a	NonTarget	1	169623
678.708	n/a	NonTarget	1	169677
678.924	n/a	NonTarget	1	169731
679.144	n/a	NonTarget	1	169786
679.36	n/a	Target	2	169840
679.576	n/a	NonTarget	1	169894
679.792	n/a	NonTarget	1	169948
680.008	n/a	NonTarget	1	170002
680.224	n/a	Target	2	170056
680.444	n/a	NonTarget	1	170111
680.66	n/a	NonTarget	1	170165
680.876	n/a	NonTarget	1	170219
681.092	n/a	NonTarget	1	170273
681.308	n/a	NonTarget	1	170327
681.524	n/a	NonTarget	1	170381
681.74	n/a	Target	2	170435
681.96	n/a	NonTarget	1	170490
682.176	n/a	NonTarget	1	170544
682.392	n/a	NonTarget	1	170598
682.608	n/a	NonTarget	1	170652
682.824	n/a	NonTarget	1	170706
683.04	n/a	NonTarget	1	170760
683.256	n/a	NonTarget	1	170814
683.472	n/a	NonTarget	1	170868
683.692	n/a	Target	2	170923
683.908	n/a	NonTarget	1	170977
684.124	n/a	NonTarget	1	171031
684.34	n/a	NonTarget	1	171085
684.556	n/a	NonTarget	1	171139
684.772	n/a	NonTarget	1	171193
684.992	n/a	Target	2	171248
685.208	n/a	NonTarget	1	171302
699.304	n/a	NonTarget	1	174826
699.516	n/a	NonTarget	1	174879
699.736	n/a	NonTarget	1	174934
699.952	n/a	Target	2	174988
700.168	n/a	NonTarget	1	175042
700.384	n/a	NonTarget	1	175096
700.6	n/a	NonTarget	1	175150
700.816	n/a	NonTarget	1	175204
701.036	n/a	NonTarget	1	175259
701.252	n/a	NonTarget	1	175313
701.468	n/a	NonTarget	1	175367
701.684	n/a	Target	2	175421
701.9	n/a	NonTarget	1	175475
702.116	n/a	NonTarget	1	175529
702.332	n/a	NonTarget	1	175583
702.552	n/a	Target	2	175638
702.768	n/a	NonTarget	1	175692
702.984	n/a	NonTarget	1	175746
703.2	n/a	NonTarget	1	175800
703.416	n/a	Target	2	175854
703.632	n/a	NonTarget	1	175908
703.848	n/a	NonTarget	1	175962
704.068	n/a	NonTarget	1	176017
704.284	n/a	NonTarget	1	176071
704.5	n/a	NonTarget	1	176125
704.716	n/a	Target	2	176179
704.932	n/a	NonTarget	1	176233
705.148	n/a	NonTarget	1	176287
705.364	n/a	NonTarget	1	176341
705.584	n/a	NonTarget	1	176396
705.816	n/a	Target	2	176454
706.032	n/a	NonTarget	1	176508
706.248	n/a	NonTarget	1	176562
706.464	n/a	NonTarget	1	176616
706.684	n/a	NonTarget	1	176671
706.9	n/a	NonTarget	1	176725
707.116	n/a	NonTarget	1	176779
707.332	n/a	NonTarget	1	176833
707.548	n/a	Target	2	176887
707.764	n/a	NonTarget	1	176941
707.98	n/a	NonTarget	1	176995
708.196	n/a	NonTarget	1	177049
708.416	n/a	NonTarget	1	177104
708.632	n/a	NonTarget	1	177158
708.848	n/a	NonTarget	1	177212
709.064	n/a	NonTarget	1	177266
709.28	n/a	NonTarget	1	177320
709.496	n/a	Target	2	177374
709.716	n/a	NonTarget	1	177429
709.936	n/a	NonTarget	1	177484
710.148	n/a	NonTarget	1	177537
710.364	n/a	Target	2	177591
710.58	n/a	NonTarget	1	177645
710.796	n/a	NonTarget	1	177699
711.012	n/a	Target	2	177753
711.232	n/a	NonTarget	1	177808
711.448	n/a	NonTarget	1	177862
711.664	n/a	NonTarget	1	177916
711.88	n/a	NonTarget	1	177970
712.096	n/a	NonTarget	1	178024
716.864	n/a	NonTarget	1	179216
717.08	n/a	NonTarget	1	179270
717.296	n/a	NonTarget	1	179324
717.512	n/a	NonTarget	1	179378
717.728	n/a	NonTarget	1	179432
717.944	n/a	Target	2	179486
718.16	n/a	NonTarget	1	179540
718.376	n/a	NonTarget	1	179594
718.596	n/a	NonTarget	1	179649
718.812	n/a	NonTarget	1	179703
719.028	n/a	Target	2	179757
719.244	n/a	NonTarget	1	179811
719.46	n/a	NonTarget	1	179865
719.676	n/a	NonTarget	1	179919
719.896	n/a	Target	2	179974
720.112	n/a	NonTarget	1	180028
720.328	n/a	NonTarget	1	180082
720.544	n/a	NonTarget	1	180136
720.76	n/a	NonTarget	1	180190
720.976	n/a	NonTarget	1	180244
721.192	n/a	Target	2	180298
721.408	n/a	NonTarget	1	180352
721.628	n/a	NonTarget	1	180407
721.844	n/a	NonTarget	1	180461
722.06	n/a	NonTarget	1	180515
722.276	n/a	NonTarget	1	180569
722.492	n/a	NonTarget	1	180623
722.708	n/a	NonTarget	1	180677
722.928	n/a	NonTarget	1	180732
723.144	n/a	Target	2	180786
723.36	n/a	NonTarget	1	180840
723.576	n/a	NonTarget	1	180894
723.792	n/a	NonTarget	1	180948
724.008	n/a	NonTarget	1	181002
724.224	n/a	Target	2	181056
724.44	n/a	NonTarget	1	181110
724.66	n/a	NonTarget	1	181165
724.876	n/a	NonTarget	1	181219
725.092	n/a	NonTarget	1	181273
725.308	n/a	Target	2	181327
725.524	n/a	NonTarget	1	181381
725.74	n/a	NonTarget	1	181435
725.96	n/a	NonTarget	1	181490
726.176	n/a	NonTarget	1	181544
726.392	n/a	Target	2	181598
726.608	n/a	NonTarget	1	181652
726.824	n/a	NonTarget	1	181706
727.04	n/a	NonTarget	1	181760
727.256	n/a	NonTarget	1	181814
727.476	n/a	NonTarget	1	181869
727.692	n/a	Target	2	181923
727.908	n/a	NonTarget	1	181977
728.124	n/a	NonTarget	1	182031
728.34	n/a	NonTarget	1	182085
728.556	n/a	NonTarget	1	182139
728.772	n/a	Target	2	182193
728.992	n/a	NonTarget	1	182248
729.208	n/a	NonTarget	1	182302
729.424	n/a	NonTarget	1	182356
729.64	n/a	NonTarget	1	182410
743.572	n/a	NonTarget	1	185893
743.784	n/a	NonTarget	1	185946
744.0	n/a	NonTarget	1	186000
744.22	n/a	NonTarget	1	186055
744.452	n/a	Target	2	186113
744.668	n/a	NonTarget	1	186167
744.884	n/a	NonTarget	1	186221
745.1	n/a	NonTarget	1	186275
745.316	n/a	Target	2	186329
745.536	n/a	NonTarget	1	186384
745.752	n/a	NonTarget	1	186438
745.968	n/a	NonTarget	1	186492
746.184	n/a	NonTarget	1	186546
746.4	n/a	NonTarget	1	186600
746.616	n/a	NonTarget	1	186654
746.832	n/a	NonTarget	1	186708
747.052	n/a	Target	2	186763
747.268	n/a	NonTarget	1	186817
747.484	n/a	NonTarget	1	186871
747.7	n/a	NonTarget	1	186925
747.916	n/a	NonTarget	1	186979
748.132	n/a	NonTarget	1	187033
748.348	n/a	NonTarget	1	187087
748.568	n/a	Target	2	187142
748.784	n/a	NonTarget	1	187196
749.0	n/a	NonTarget	1	187250
749.216	n/a	NonTarget	1	187304
749.448	n/a	NonTarget	1	187362
749.664	n/a	Target	2	187416
749.884	n/a	NonTarget	1	187471
750.1	n/a	NonTarget	1	187525
750.316	n/a	NonTarget	1	187579
750.532	n/a	NonTarget	1	187633
750.748	n/a	Target	2	187687
750.964	n/a	NonTarget	1	187741
751.184	n/a	NonTarget	1	187796
751.4	n/a	NonTarget	1	187850
751.616	n/a	Target	2	187904
751.832	n/a	NonTarget	1	187958
752.048	n/a	NonTarget	1	188012
752.264	n/a	NonTarget	1	188066
752.48	n/a	NonTarget	1	188120
752.7	n/a	Target	2	188175
752.916	n/a	NonTarget	1	188229
753.132	n/a	NonTarget	1	188283
753.348	n/a	NonTarget	1	188337
753.564	n/a	NonTarget	1	188391
753.78	n/a	NonTarget	1	188445
753.996	n/a	Target	2	188499
754.216	n/a	NonTarget	1	188554
754.432	n/a	NonTarget	1	188608
754.648	n/a	NonTarget	1	188662
754.864	n/a	NonTarget	1	188716
755.08	n/a	NonTarget	1	188770
755.296	n/a	NonTarget	1	188824
755.516	n/a	NonTarget	1	188879
755.728	n/a	Target	2	188932
755.948	n/a	NonTarget	1	188987
756.164	n/a	NonTarget	1	189041
756.38	n/a	NonTarget	1	189095
761.18	n/a	NonTarget	1	190295
761.396	n/a	NonTarget	1	190349
761.612	n/a	NonTarget	1	190403
761.828	n/a	Target	2	190457
762.044	n/a	NonTarget	1	190511
762.26	n/a	NonTarget	1	190565
762.476	n/a	NonTarget	1	190619
762.696	n/a	NonTarget	1	190674
762.912	n/a	NonTarget	1	190728
763.128	n/a	NonTarget	1	190782
763.344	n/a	NonTarget	1	190836
763.56	n/a	Target	2	190890
763.776	n/a	NonTarget	1	190944
763.992	n/a	NonTarget	1	190998
764.212	n/a	NonTarget	1	191053
764.428	n/a	Target	2	191107
764.644	n/a	NonTarget	1	191161
764.86	n/a	NonTarget	1	191215
765.076	n/a	NonTarget	1	191269
765.292	n/a	Target	2	191323
765.508	n/a	NonTarget	1	191377
765.728	n/a	NonTarget	1	191432
765.944	n/a	NonTarget	1	191486
766.16	n/a	NonTarget	1	191540
766.376	n/a	NonTarget	1	191594
766.592	n/a	Target	2	191648
766.808	n/a	NonTarget	1	191702
767.024	n/a	NonTarget	1	191756
767.244	n/a	NonTarget	1	191811
767.46	n/a	NonTarget	1	191865
767.676	n/a	Target	2	191919
767.892	n/a	NonTarget	1	191973
768.108	n/a	NonTarget	1	192027
768.324	n/a	NonTarget	1	192081
768.544	n/a	NonTarget	1	192136
768.76	n/a	NonTarget	1	192190
768.976	n/a	NonTarget	1	192244
769.192	n/a	NonTarget	1	192298
769.424	n/a	Target	2	192356
769.64	n/a	NonTarget	1	192410
769.86	n/a	NonTarget	1	192465
770.076	n/a	NonTarget	1	192519
770.292	n/a	NonTarget	1	192573
770.508	n/a	NonTarget	1	192627
770.724	n/a	NonTarget	1	192681
770.94	n/a	NonTarget	1	192735
771.156	n/a	NonTarget	1	192789
771.376	n/a	Target	2	192844
771.592	n/a	NonTarget	1	192898
771.808	n/a	NonTarget	1	192952
772.024	n/a	NonTarget	1	193006
772.24	n/a	Target	2	193060
772.456	n/a	NonTarget	1	193114
772.672	n/a	NonTarget	1	193168
772.892	n/a	Target	2	193223
773.108	n/a	NonTarget	1	193277
773.324	n/a	NonTarget	1	193331
773.54	n/a	NonTarget	1	193385
773.756	n/a	NonTarget	1	193439
773.972	n/a	NonTarget	1	193493
